date,open,high,close,low,volume,price_change,p_change,ma5,ma10,ma20,v_ma5,v_ma10,v_ma20
2020-01-16,4174.82,4175.29,4149.04,4142.18,100267640.0,-17.69,-0.42,4174.566,4158.401,4097.891,113389052.8,132904267.2,130154731.6
2020-01-15,4186.88,4193.87,4166.73,4150.88,104633136.0,-23.16,-0.55,4177.632,4158.721,4092.078,120712788.8,141089181.6,132708937.6
2020-01-14,4215.16,4223.51,4189.89,4188.08,129320784.0,-14.1,-0.34,4166.75,4151.706,4085.831,133303332.8,142952293.6,137535428.0
2020-01-13,4166.93,4203.99,4203.99,4148.6,119691984.0,40.81,0.98,4160.818,4140.88,4075.714,135336984.0,145617364.0,138493722.4
2020-01-10,4177.58,4180.98,4163.18,4148.48,113031720.0,-1.19,-0.03,4145.88,4122.684,4063.926,146460577.6,148740805.6,139937690.4
2020-01-09,4145.53,4165.66,4164.37,4143.59,136886320.0,52.05,1.27,4142.236,4108.965,4050.318,152419481.6,148323697.6,138521520.8
2020-01-08,4139.63,4149.81,4112.32,4101.98,167585856.0,-47.91,-1.15,4139.81,4091.615,4037.237,161465574.4,144128954.4,136665478.8
2020-01-07,4137.4,4161.25,4160.23,4135.1,139489040.0,30.93,0.75,4136.662,4079.679,4026.64,152601254.4,136969272.8,132599332.4
2020-01-06,4120.52,4170.64,4129.3,4102.38,175309952.0,-15.66,-0.38,4120.942,4060.366,4013.401,155897744.0,135301993.6,130392570.8
2020-01-03,4161.22,4164.3,4144.96,4131.86,142826240.0,-7.28,-0.17,4099.488,4049.161,4002.055,151021033.6,129897764.8,125559517.6
2020-01-02,4121.35,4172.66,4152.24,4121.35,182116784.0,55.66,1.36,4075.694,4037.38,3988.775,144227913.6,127405196.0,122870765.6
2019-12-31,4077.75,4098.14,4096.58,4069.01,123264256.0,14.95,0.37,4043.42,4025.434,3973.654,126792334.4,124328693.6,117749095.6
2019-12-30,4015.52,4083.69,4081.63,4001.5,155971488.0,59.6,1.48,4022.696,4019.956,3961.38,121337291.2,132118562.4,115266444.8
2019-12-27,4029.25,4066.8,4022.03,4019.72,150926400.0,-3.96,-0.1,3999.79,4010.548,3949.101,114706243.2,131370080.8,111338479.2
2019-12-26,3993.67,4025.99,4025.99,3993.54,108860640.0,35.12,0.88,3998.834,4005.167,3939.433,108774496.0,131134575.2,107499376.0
2019-12-25,3988.66,4000.56,3990.87,3976.36,94938888.0,-2.09,-0.05,3999.066,3991.67,3931.249,110582478.4,128719344.0,105317850.0
2019-12-24,3971.56,3994.51,3992.96,3963.67,95989040.0,25.86,0.65,4007.448,3982.858,3925.486,121865052.8,129202003.2,104392770.8
2019-12-23,4014.69,4032.17,3967.1,3964.38,122816248.0,-50.15,-1.25,4017.216,3973.6,3920.421,142899833.6,128229392.0,105168995.6
2019-12-20,4032.15,4046.73,4017.25,4014.93,121267664.0,-9.9,-0.25,4021.306,3966.435,3915.976,148033918.4,125483148.0,104331497.6
2019-12-19,4034.62,4038.54,4027.15,4014.9,117900552.0,-5.63,-0.14,4011.5,3954.949,3907.613,153494654.4,121221270.4,102820246.4
2019-12-18,4039.72,4057.64,4032.78,4025.34,151351760.0,-9.02,-0.22,3984.274,3940.17,3900.736,146856209.6,118336335.2,100381745.6
2019-12-17,3987.74,4067.14,4041.8,3984.52,201162944.0,54.25,1.36,3958.268,3921.874,3894.49,136538953.6,111169497.6,96654924.4
2019-12-16,3970.71,3987.59,3987.55,3953.51,148486672.0,19.33,0.49,3929.984,3902.803,3889.752,113558950.4,98414327.2,90704828.4
2019-12-13,3928.0,3969.46,3968.22,3925.28,148571344.0,77.2,1.98,3911.564,3887.654,3885.771,102932377.6,91306877.6,87112794.4
2019-12-12,3908.45,3908.45,3891.02,3886.12,84708328.0,-11.73,-0.3,3898.398,3873.699,3881.214,88947886.4,83864176.8,83870773.2
2019-12-11,3907.16,3909.39,3902.75,3890.34,99765480.0,2.37,0.06,3896.066,3870.827,3881.956,89816460.8,81916356.0,83985779.2
2019-12-10,3886.44,3900.96,3900.38,3882.09,86262928.0,4.93,0.13,3885.48,3868.114,3881.818,85800041.6,79583538.4,82834959.2
2019-12-09,3909.53,3911.97,3895.45,3885.25,95353808.0,-6.94,-0.18,3875.622,3867.241,3881.983,83269704.0,82108599.2,82348966.4
2019-12-06,3885.06,3902.39,3902.39,3878.7,78648888.0,23.03,0.59,3863.744,3865.517,3882.36,79681377.6,83179847.2,82289057.2
2019-12-05,3863.61,3883.4,3879.36,3859.82,89051200.0,29.54,0.77,3849.0,3860.277,3885.891,78780467.2,84419222.4,83211960.0
2019-12-04,3841.66,3852.99,3849.82,3831.07,79683384.0,-1.27,-0.03,3845.588,3861.301,3891.516,74016251.2,82427156.0,83122144.8
2019-12-03,3829.21,3851.12,3851.09,3811.63,73611240.0,15.03,0.39,3850.748,3867.105,3898.269,73367035.2,82140351.2,84003623.2
2019-12-02,3835.51,3854.75,3836.06,3829.31,77412176.0,7.39,0.19,3858.86,3876.7,3905.855,80947494.4,82995329.6,85968655.2
2019-11-29,3857.19,3861.66,3828.67,3804.83,74144336.0,-33.63,-0.87,3867.29,3883.887,3912.958,86678316.8,82918711.2,87307739.2
2019-11-28,3877.9,3887.69,3862.3,3852.01,65230120.0,-13.32,-0.34,3871.554,3888.729,3919.144,90057977.6,83877369.6,88635003.2
2019-11-27,3883.43,3889.98,3875.62,3862.7,76437304.0,-16.03,-0.41,3877.014,3893.085,3920.367,90838060.8,86055202.4,89709224.4
2019-11-26,3893.43,3899.11,3891.65,3869.59,111513536.0,13.44,0.35,3883.462,3895.521,3921.147,90913667.2,86086380.0,89781005.2
2019-11-25,3850.97,3878.25,3878.21,3839.42,106066288.0,28.22,0.73,3894.54,3896.725,3922.076,85043164.8,82589333.6,88318182.0
2019-11-22,3894.17,3918.84,3849.99,3833.5,91042640.0,-39.61,-1.02,3900.484,3899.202,3924.495,79159105.6,81398267.2,87885168.8
2019-11-21,3894.54,3901.83,3889.6,3875.97,69130536.0,-18.26,-0.47,3905.904,3911.504,3926.835,77696761.6,82004697.6,87205717.6
2019-11-20,3940.13,3943.23,3907.86,3901.99,76815336.0,-39.18,-0.99,3909.156,3921.731,3925.889,81272344.0,83817133.6,87315919.6
2019-11-19,3904.1,3947.04,3947.04,3902.38,82161024.0,39.11,1.0,3907.58,3929.433,3924.05,81259092.8,85866895.2,86985084.0
2019-11-18,3874.44,3913.1,3907.93,3868.32,76645992.0,30.84,0.8,3898.91,3935.01,3921.492,80135502.4,88941980.8,86322960.8
2019-11-15,3908.49,3915.1,3877.09,3877.09,83730920.0,-28.77,-0.74,3897.92,3942.029,3920.137,83637428.8,91696767.2,86199807.2
2019-11-14,3905.93,3916.95,3905.86,3895.14,87008448.0,5.88,0.15,3917.104,3949.559,3919.752,86312633.6,93392636.8,86129318.4
2019-11-13,3905.28,3908.42,3899.98,3882.43,76749080.0,-3.71,-0.1,3934.306,3947.648,3920.72,86361923.2,93363246.4,85022083.2
2019-11-12,3905.96,3914.88,3903.69,3877.74,76543072.0,0.71,0.02,3951.286,3946.773,3921.855,90474697.6,93475630.4,85346114.4
2019-11-11,3948.62,3948.62,3902.98,3897.55,94155624.0,-70.03,-1.76,3971.11,3947.427,3923.483,97748459.2,94047030.4,85782658.4
2019-11-08,4017.67,4022.04,3973.01,3971.57,97106944.0,-18.86,-0.47,3986.138,3949.788,3925.996,99756105.6,94372070.4,87194557.6
2019-11-07,3984.55,4005.38,3991.87,3975.55,87254896.0,6.99,0.17,3982.014,3942.166,3922.932,100472640.0,92406737.6,87009839.2
2019-11-06,4006.33,4007.5,3984.88,3973.78,97312952.0,-17.93,-0.45,3960.99,3930.046,3917.071,100364569.6,90814705.6,86608228.8
2019-11-05,3982.12,4030.64,4002.81,3970.87,112911880.0,24.69,0.62,3942.26,3918.666,3909.989,96476563.2,88103272.8,85535306.8
2019-11-04,3964.01,3985.36,3978.12,3964.01,104193856.0,25.73,0.65,3923.744,3907.973,3901.732,90345601.6,83703940.8,83722605.6
2019-11-01,3883.81,3956.08,3952.39,3876.42,100689616.0,65.64,1.69,3913.438,3898.245,3893.553,88988035.2,80702847.2,81809478.6
2019-10-31,3906.86,3907.15,3886.75,3878.88,86714544.0,-4.48,-0.12,3902.318,3889.944,3888.566,84340835.2,78866000.0,80475195.0
2019-10-30,3904.72,3908.1,3891.23,3883.45,77872920.0,-19.0,-0.49,3899.102,3893.791,3886.285,81264841.6,76680920.0,81274383.0
2019-10-29,3929.71,3932.37,3910.23,3910.23,82257072.0,-16.36,-0.42,3895.072,3896.937,3885.273,79729982.4,77216598.4,81856778.6
2019-10-28,3904.98,3927.8,3926.59,3897.82,97406024.0,29.8,0.77,3892.202,3899.539,3884.815,77062280.0,77518286.4,82133086.6
2019-10-25,3871.77,3899.72,3896.79,3849.03,77453616.0,26.12,0.68,3883.052,3902.204,3883.019,72417659.2,80017044.8,81964596.6
2019-10-24,3877.92,3890.2,3870.67,3852.58,71334576.0,-0.41,-0.01,3877.57,3903.698,3884.962,73391164.8,81612940.8,83264713.8
2019-10-23,3892.68,3901.42,3871.08,3862.2,70198624.0,-24.8,-0.64,3888.48,3904.095,3887.647,72096998.4,82401752.0,83997196.6
2019-10-22,3896.31,3897.44,3895.88,3870.55,68918560.0,15.04,0.39,3898.802,3901.311,3889.597,74703214.4,82967340.8,84590073.0
2019-10-21,3865.34,3884.74,3880.84,3856.04,74182920.0,11.46,0.3,3906.876,3895.491,3889.364,77974292.8,83741270.4,86828861.0
2019-10-18,3935.42,3940.54,3869.38,3864.97,82321144.0,-55.84,-1.42,3921.356,3888.86,3893.208,87616430.4,82916110.0,88632705.4
2019-10-17,3929.39,3935.81,3925.22,3913.92,64863744.0,2.53,0.06,3929.826,3887.187,3898.358,89834716.8,82084390.0,90028711.8
2019-10-16,3939.28,3964.05,3922.69,3919.02,83229704.0,-13.56,-0.34,3919.71,3878.779,3898.602,92706505.6,85867846.0,93365268.2
2019-10-15,3953.16,3953.16,3936.25,3928.15,85273952.0,-16.99,-0.43,3903.82,3873.608,3900.431,91231467.2,86496958.8,95748252.6
2019-10-14,3944.86,3983.81,3953.24,3934.73,122393608.0,41.51,1.06,3884.106,3870.091,3902.266,89508248.0,86747886.8,98825043.0
2019-10-11,3885.52,3922.37,3911.73,3868.84,93412576.0,37.09,0.96,3856.364,3863.833,3902.029,78215789.6,83912148.4,98799481.4
2019-10-10,3838.49,3877.14,3874.64,3829.43,79222688.0,31.4,0.82,3844.548,3866.225,3902.709,74334063.2,84916486.8,103211663.8
2019-10-09,3822.61,3845.34,3843.24,3805.07,75854512.0,5.56,0.14,3837.848,3871.199,3903.277,79029186.4,85592641.2,105581960.2
2019-10-08,3818.59,3861.64,3837.68,3818.59,76657856.0,23.15,0.61,3843.396,3877.883,3903.795,81762450.4,86212805.2,106674965.8
2019-09-30,3842.07,3857.23,3814.53,3813.55,65931316.0,-38.12,-0.99,3856.076,3883.237,3904.327,83987525.6,89916451.6,108356540.2
2019-09-27,3843.46,3859.5,3852.65,3832.25,74003944.0,11.51,0.3,3871.302,3897.556,3903.58,89608507.2,94349300.8,109894732.0
2019-09-26,3884.7,3890.75,3841.14,3840.25,102698304.0,-29.84,-0.77,3887.902,3909.529,3900.457,95498910.4,97973033.6,110398704.4
2019-09-25,3887.55,3889.84,3870.98,3867.23,89520832.0,-30.1,-0.77,3904.55,3918.425,3898.529,92156096.0,100862690.4,109701329.6
2019-09-24,3895.87,3927.01,3901.08,3886.14,87783232.0,10.42,0.27,3912.37,3927.253,3895.828,90663160.0,104999546.4,111461861.6
2019-09-23,3925.19,3925.19,3890.66,3868.21,94036224.0,-44.99,-1.14,3910.398,3934.44,3889.069,95845377.6,110902199.2,111765663.2
2019-09-20,3933.46,3942.22,3935.65,3921.41,103455960.0,11.27,0.29,3923.81,3940.225,3885.579,99090094.4,113686814.4,111461581.2
2019-09-19,3923.96,3924.38,3924.38,3897.07,85984232.0,14.3,0.37,3931.156,3939.192,3878.472,100447156.8,121506840.8,110579172.8
2019-09-18,3902.99,3923.15,3910.08,3902.51,82056152.0,18.86,0.48,3932.3,3935.354,3871.341,109569284.8,125571279.2,110394955.2
2019-09-17,3947.16,3947.16,3891.22,3879.49,113694320.0,-66.5,-1.68,3942.136,3929.707,3865.224,119335932.8,127137126.4,111722252.0
2019-09-16,3981.36,3982.2,3957.72,3943.37,110259808.0,-14.66,-0.37,3958.482,3925.417,3860.217,125959020.8,126796628.8,113003887.2
2019-09-12,3944.69,3975.93,3972.38,3933.44,110241272.0,42.28,1.08,3956.64,3909.604,3847.858,128283534.4,125440163.2,111906855.2
2019-09-11,3969.68,3971.22,3930.1,3922.95,131594872.0,-29.16,-0.74,3947.228,3891.385,3833.939,142566524.8,122824375.2,110824733.2
2019-09-10,3976.87,3976.92,3959.26,3938.74,130889392.0,-13.69,-0.34,3938.408,3878.633,3821.554,141573273.6,118539968.8,108805119.2
2019-09-09,3980.96,3985.24,3972.95,3954.88,146809760.0,24.44,0.62,3917.278,3864.402,3806.879,134938320.0,117924176.8,106085664.8
2019-09-06,3946.69,3948.54,3948.51,3922.34,121882376.0,23.19,0.59,3892.352,3843.698,3793.186,127634236.8,112629127.2,102849329.6
2019-09-05,3909.21,3970.0,3925.32,3909.21,181656224.0,39.32,1.01,3862.568,3830.933,3777.437,122596792.0,109236348.0,101019990.0
2019-09-04,3848.65,3886.0,3886.0,3846.42,126628616.0,32.39,0.84,3835.542,3817.752,3764.636,103082225.6,99651504.8,96360064.0
2019-09-03,3852.58,3856.68,3853.61,3833.76,97714624.0,5.29,0.14,3818.858,3807.328,3751.407,95506664.0,95218631.2,94240568.8
2019-09-02,3803.69,3855.78,3848.32,3799.82,110289344.0,48.73,1.28,3811.526,3800.74,3740.543,100910033.6,96307377.6,95846531.2
2019-08-30,3816.68,3828.97,3799.59,3778.92,96695152.0,9.4,0.25,3795.044,3795.017,3731.912,97624017.6,99211145.6,95398362.8
2019-08-29,3805.49,3808.6,3790.19,3774.4,84083392.0,-12.39,-0.33,3799.298,3786.112,3729.304,95875904.0,98373547.2,95980400.0
2019-08-28,3818.81,3822.59,3802.58,3790.14,88750808.0,-14.37,-0.38,3799.962,3776.493,3729.968,96220784.0,98825091.2,95981939.6
2019-08-27,3791.46,3848.24,3816.95,3790.87,124731472.0,51.04,1.35,3795.798,3764.475,3731.607,94930598.4,99070269.6,95651956.8
2019-08-26,3756.36,3778.87,3765.91,3753.16,93859264.0,-54.95,-1.44,3789.954,3749.355,3734.276,91704721.6,94247152.8,94121580.8
2019-08-23,3796.88,3829.36,3820.86,3788.03,87954584.0,27.35,0.72,3794.99,3742.674,3738.694,100798273.6,93069532.0,93669336.0
2019-08-22,3793.86,3797.33,3793.51,3771.2,85807792.0,11.75,0.31,3772.926,3723.941,3740.579,100871190.4,92803632.0,93434571.6
2019-08-21,3778.31,3792.6,3781.76,3775.45,82299880.0,-5.97,-0.16,3753.024,3711.519,3743.457,101429398.4,93068623.2,93831203.2
2019-08-20,3786.03,3799.9,3787.73,3778.73,108602088.0,-3.36,-0.09,3733.152,3695.486,3745.361,103209940.8,93262506.4,94263243.2
2019-08-19,3736.03,3791.09,3791.09,3720.69,139327024.0,80.55,2.17,3708.756,3680.346,3745.47,96789584.0,95385684.8,92398806.0
2019-08-16,3697.94,3738.1,3710.54,3687.08,88319168.0,16.54,0.45,3690.358,3668.806,3744.999,85340790.4,91585580.0,90037523.6
2019-08-15,3618.01,3694.3,3694.0,3612.11,88598832.0,11.6,0.32,3674.956,3672.496,3749.87,84736073.6,93587252.8,90025872.8
2019-08-14,3712.07,3717.56,3682.4,3680.61,91202592.0,16.65,0.45,3670.014,3683.443,3753.59,84707848.0,93138788.0,89970753.6
2019-08-13,3675.59,3686.43,3665.75,3658.01,76500304.0,-33.35,-0.9,3657.82,3698.739,3759.702,83315072.0,92233644.0,90169818.0
2019-08-12,3647.87,3699.1,3699.1,3643.32,82083056.0,65.57,1.8,3651.936,3719.196,3766.757,93981785.6,93996008.8,90381350.4
2019-08-09,3686.75,3689.18,3633.53,3628.12,85295584.0,-35.76,-0.97,3647.254,3734.713,3773.011,97830369.6,94269140.0,91337458.4
2019-08-08,3651.36,3675.46,3669.29,3646.94,88457704.0,47.86,1.32,3670.036,3757.217,3781.771,102438432.0,94065511.2,90845977.6
2019-08-07,3654.63,3659.08,3621.43,3621.43,84238712.0,-14.9,-0.41,3696.872,3775.395,3787.568,101569728.0,94593783.2,90188690.8
2019-08-06,3609.11,3649.9,3636.33,3575.86,129833872.0,-39.36,-1.07,3739.658,3795.235,3795.833,101152216.0,95263980.0,89618452.4
2019-08-05,3724.41,3739.5,3675.69,3675.69,101325976.0,-71.75,-1.92,3786.456,3810.593,3803.673,94010232.0,89411927.2,86868895.2
2019-08-02,3729.13,3754.53,3747.44,3720.06,108335896.0,-56.03,-1.47,3822.172,3821.192,3810.028,90707910.4,88489467.2,87279550.4
2019-08-01,3819.32,3831.26,3803.47,3791.55,84114184.0,-31.89,-0.83,3844.398,3827.244,3817.316,85692590.4,86464492.8,85563082.0
2019-07-31,3856.74,3856.74,3835.36,3830.09,82151152.0,-34.96,-0.9,3853.918,3823.737,3820.798,87617838.4,86802719.2,86324485.6
2019-07-30,3861.57,3890.73,3870.32,3861.57,94123952.0,16.05,0.42,3850.812,3820.665,3823.706,89375744.0,88105992.0,87816558.4
2019-07-29,3857.94,3862.75,3854.27,3842.43,84814368.0,-4.3,-0.11,3834.73,3814.317,3827.049,84813622.4,86766692.0,89703536.0
2019-07-26,3835.23,3863.59,3858.57,3832.52,83259296.0,7.5,0.2,3820.212,3811.309,3831.126,86271024.0,88405776.8,93381335.2
2019-07-25,3821.39,3851.07,3851.07,3812.95,93740424.0,31.24,0.82,3810.09,3806.325,3829.477,87236395.2,87626444.0,93456677.6
2019-07-24,3803.59,3840.06,3819.83,3803.57,90940680.0,29.92,0.79,3793.556,3799.74,3828.664,85987600.0,85783598.4,94035474.4
2019-07-23,3783.54,3792.96,3789.91,3768.76,71313344.0,8.23,0.22,3790.518,3796.431,3827.389,86836240.0,83972924.8,93579454.4
2019-07-22,3813.5,3816.54,3781.68,3765.44,92101376.0,-26.28,-0.69,3793.904,3796.753,3827.959,88719761.6,84325863.2,96217582.8
2019-07-19,3787.51,3828.15,3807.96,3787.51,88086152.0,39.56,1.05,3802.406,3798.864,3830.939,90540529.6,86069633.6,96616745.2
2019-07-18,3793.19,3793.39,3768.4,3768.0,87496448.0,-36.24,-0.95,3802.56,3807.388,3832.238,88016492.8,84661671.2,99894195.2
2019-07-17,3800.11,3820.27,3804.64,3787.9,95183880.0,-2.2,-0.06,3805.924,3817.858,3835.244,85579596.8,85846252.0,103962976.0
2019-07-16,3819.25,3828.33,3806.84,3799.87,80730952.0,-17.35,-0.45,3802.344,3826.747,3830.809,81109609.6,87527124.8,105483568.0
2019-07-15,3792.64,3844.87,3824.19,3745.85,101205216.0,15.46,0.41,3799.602,3839.78,3823.848,79931964.8,92640380.0,104981633.6
2019-07-12,3783.07,3820.24,3808.73,3774.52,75465968.0,23.51,0.62,3795.322,3850.942,3815.379,81598737.6,98356893.6,103570206.4
2019-07-11,3806.19,3830.74,3785.22,3774.41,75311968.0,-1.52,-0.04,3812.216,3852.628,3807.687,81306849.6,99286911.2,104887758.4
2019-07-10,3807.95,3810.4,3786.74,3774.23,72833944.0,-6.39,-0.17,3829.792,3857.588,3802.695,86112907.2,102287350.4,105938745.6
2019-07-09,3798.1,3811.1,3793.13,3774.76,74842728.0,-9.66,-0.25,3851.15,3858.347,3797.913,93944640.0,103185984.0,108255991.2
2019-07-08,3875.75,3875.75,3802.79,3775.03,109539080.0,-90.41,-2.32,3879.958,3859.165,3794.221,105348795.2,108109302.4,111687995.6
2019-07-05,3875.37,3900.31,3893.2,3857.93,74006528.0,20.1,0.52,3906.562,3863.013,3784.618,115115049.6,107163856.8,110829794.8
2019-07-04,3895.2,3906.89,3873.1,3854.69,99342256.0,-20.43,-0.53,3893.04,3857.087,3768.192,117266972.8,115126719.2,111406188.4
2019-07-03,3927.44,3927.44,3893.53,3878.84,111992608.0,-43.64,-1.11,3885.384,3852.629,3754.393,118461793.6,122079700.0,110871176.4
2019-07-02,3931.05,3942.43,3937.17,3918.94,131863504.0,1.36,0.04,3865.544,3834.87,3739.64,112427328.0,123440011.2,109626400.8
2019-07-01,3899.33,3936.67,3935.81,3886.91,158370352.0,110.22,2.88,3838.372,3807.915,3724.382,110869809.6,117322887.2,108069384.4
2019-06-28,3832.06,3835.23,3825.59,3803.05,84766144.0,-9.23,-0.24,3819.464,3779.816,3709.081,99212664.0,108783519.2,104611980.0
2019-06-27,3807.54,3854.08,3834.82,3805.83,105316360.0,40.49,1.07,3821.134,3762.745,3699.86,112986465.6,110488605.6,105083800.8
2019-06-26,3779.51,3809.76,3794.33,3771.72,81820280.0,-6.98,-0.18,3819.874,3747.802,3691.315,125697606.4,109590140.8,104485754.8
2019-06-25,3837.43,3838.06,3801.31,3755.01,124075912.0,-39.96,-1.04,3804.196,3737.479,3685.211,134452694.4,113325998.4,106289052.8
2019-06-24,3836.31,3853.55,3841.27,3819.77,100084624.0,7.33,0.19,3777.458,3729.276,3677.006,123775964.8,115266688.8,105526800.8
2019-06-21,3832.73,3856.09,3833.94,3817.31,153635152.0,5.42,0.14,3740.168,3706.223,3664.638,118354374.4,114495732.8,104569272.0
2019-06-20,3718.94,3845.79,3828.52,3717.19,168872064.0,112.58,3.03,3704.356,3679.297,3652.139,107990745.6,107685657.6,101882403.6
2019-06-19,3761.34,3771.35,3715.94,3715.13,125595720.0,48.32,1.32,3675.73,3656.156,3643.182,93482675.2,99662652.8,98356106.8
2019-06-18,3661.13,3675.65,3667.62,3638.78,70692264.0,12.8,0.35,3670.762,3644.409,3640.724,92199302.4,95812790.4,97627466.8
2019-06-17,3654.44,3683.77,3654.82,3645.5,72976672.0,-0.06,-0.0,3681.094,3640.848,3638.232,106757412.8,98815881.6,99541027.6
2019-06-14,3690.48,3709.65,3654.88,3650.91,101817008.0,-30.51,-0.83,3672.278,3638.345,3637.929,110637091.2,100440440.8,102314856.0
2019-06-13,3689.58,3697.59,3685.39,3654.27,96331712.0,-5.71,-0.15,3654.238,3636.975,3642.383,107380569.6,99678996.0,103036919.2
2019-06-12,3706.86,3711.88,3691.1,3683.94,119178856.0,-28.18,-0.76,3636.582,3634.827,3644.468,105842630.4,99381368.8,103728422.0
2019-06-11,3617.52,3723.14,3719.28,3617.52,143482816.0,108.54,3.01,3618.056,3632.943,3642.171,99426278.4,99252107.2,102885152.4
2019-06-10,3578.01,3623.73,3610.74,3568.28,92375064.0,46.06,1.29,3600.602,3624.735,3639.643,90874350.4,95786912.8,100880604.4
2019-06-06,3601.04,3601.04,3564.68,3557.02,85534400.0,-32.43,-0.9,3604.412,3623.052,3645.629,90243790.4,94642811.2,103662044.0
2019-06-05,3627.79,3634.45,3597.11,3593.95,88642016.0,-1.36,-0.04,3619.712,3624.98,3647.38,91977422.4,96079149.6,104437193.6
2019-06-04,3632.56,3636.13,3598.47,3584.46,87097096.0,-33.54,-0.92,3633.072,3630.207,3650.897,92920107.2,97049560.8,105648460.8
2019-06-03,3640.61,3672.81,3632.01,3613.13,100723176.0,2.22,0.06,3647.83,3637.038,3657.007,99077936.0,99442143.2,107935988.8
2019-05-31,3641.0,3668.18,3629.79,3627.54,89222264.0,-11.39,-0.31,3648.868,3635.616,3659.638,100699475.2,100266173.6,112773474.8
2019-05-30,3648.85,3650.97,3641.18,3612.62,94202560.0,-22.73,-0.62,3641.692,3637.513,3673.809,99041832.0,104189271.2,114124030.4
2019-05-29,3642.54,3693.23,3663.91,3637.35,93355440.0,-8.35,-0.23,3630.248,3647.791,3686.766,100180876.8,106394842.4,117107448.8
2019-05-28,3633.02,3683.23,3672.26,3627.79,117886240.0,35.06,0.96,3627.342,3654.109,3698.034,101179014.4,108075475.2,119540080.0
2019-05-27,3592.6,3648.03,3637.2,3556.26,108830872.0,43.29,1.21,3626.246,3651.398,3711.512,99806350.4,106518197.6,121631871.2
2019-05-24,3584.9,3623.39,3593.91,3580.79,80934048.0,9.95,0.28,3622.364,3654.551,3731.157,99832872.0,105974296.0,123465262.0
2019-05-23,3629.53,3631.47,3583.96,3578.11,99897784.0,-65.42,-1.79,3633.334,3668.205,3752.412,109336710.4,112681276.8,127199142.0
2019-05-22,3663.15,3679.27,3649.38,3634.75,98346128.0,-17.4,-0.47,3665.334,3669.779,3774.494,112608808.0,112795237.6,131671940.0
2019-05-21,3619.44,3690.09,3666.78,3610.68,111022920.0,48.99,1.35,3680.876,3671.587,3798.056,114971936.0,114247360.8,134294379.2
2019-05-20,3635.74,3644.5,3617.79,3583.83,108963480.0,-30.97,-0.85,3676.55,3676.976,3818.321,113230044.8,116429834.4,136071338.8
2019-05-17,3744.88,3745.36,3648.76,3637.58,128453240.0,-95.2,-2.54,3686.738,3683.659,3841.793,112115720.0,125280776.0,139641520.8
2019-05-16,3720.04,3745.14,3743.96,3707.9,116258272.0,16.87,0.45,3703.076,3710.104,3863.645,116025843.2,124058789.6,143320956.4
2019-05-15,3674.99,3741.04,3727.09,3674.99,110161768.0,81.94,2.25,3674.224,3725.741,3875.223,112981667.2,127820055.2,146640321.2
2019-05-14,3630.44,3683.26,3645.15,3630.44,102313464.0,-23.58,-0.64,3662.298,3741.959,3888.299,113522785.6,131004684.8,147925338.4
2019-05-13,3675.76,3702.9,3668.73,3658.0,103391856.0,-61.72,-1.65,3677.402,3771.626,3905.921,119629624.0,136745544.8,151262147.6
2019-05-10,3643.06,3732.92,3730.45,3589.29,148003856.0,130.75,3.63,3680.58,3807.762,3926.777,138445832.0,140956228.0,155826935.6
2019-05-09,3637.35,3656.9,3599.7,3584.82,101037392.0,-67.76,-1.85,3717.132,3836.618,3944.026,132091736.0,141717007.2,157574583.6
2019-05-08,3648.55,3722.93,3667.46,3642.5,112867360.0,-53.21,-1.43,3777.258,3879.209,3966.902,142658443.2,150548642.4,165897993.2
2019-05-07,3702.27,3738.18,3720.67,3671.83,132847656.0,36.05,0.98,3821.62,3924.524,3986.641,148486584.0,154341397.6,173275172.4
2019-05-06,3775.08,3791.61,3684.62,3647.14,197472896.0,-228.59,-5.84,3865.85,3959.665,4001.715,153861465.6,155712843.2,178228657.6
2019-04-30,3887.18,3923.11,3913.21,3885.15,116233376.0,12.88,0.33,3934.944,3999.927,4016.049,143466624.0,154002265.6,179655029.6
2019-04-29,3896.58,3953.23,3900.33,3875.45,153870928.0,11.06,0.28,3956.104,4017.185,4019.085,151342278.4,162583123.2,187412496.8
2019-04-26,3921.89,3943.83,3889.27,3887.25,142008064.0,-52.55,-1.33,3981.16,4024.704,4017.685,158438841.6,165460587.2,190500905.6
2019-04-25,4013.6,4022.56,3941.82,3938.33,159722064.0,-88.27,-2.19,4027.428,4034.639,4009.642,160196211.2,164845992.0,190064108.8
2019-04-24,4033.63,4044.34,4030.09,3967.81,145498688.0,11.08,0.28,4053.48,4040.215,3999.72,157564220.8,165778750.4,189015928.0
2019-04-23,4021.63,4061.09,4019.01,4005.28,155611648.0,-6.6,-0.16,4064.91,4045.791,3983.238,164537907.2,170697643.2,190393322.4
2019-04-22,4125.97,4126.09,4025.61,4015.47,189353744.0,-95.0,-2.31,4078.266,4051.433,3969.429,173823968.0,173432160.0,192542056.0
2019-04-19,4076.3,4120.64,4120.61,4046.2,150794912.0,48.53,1.19,4068.248,4054.595,3959.838,172482332.8,181247344.0,191642218.4
2019-04-18,4085.11,4094.05,4072.08,4056.24,146562112.0,-15.16,-0.37,4041.85,4048.757,3945.652,169495772.8,192208947.2,193917988.0
2019-04-17,4080.72,4106.62,4087.24,4057.5,180367120.0,1.45,0.04,4026.95,4043.765,3933.82,173993280.0,200744472.0,195371487.2
2019-04-16,3958.1,4085.79,4085.79,3943.49,202041952.0,110.27,2.77,4026.672,4032.17,3921.156,176857379.2,205307793.6,195439486.4
2019-04-15,4056.49,4085.39,3975.52,3974.23,182645568.0,-13.1,-0.33,4024.6,4020.984,3909.454,173040352.0,212241870.4,196183791.2
2019-04-12,3986.78,4006.93,3988.62,3961.46,135862112.0,-8.96,-0.22,4040.942,4010.666,3897.929,190012355.2,215541224.0,195810240.8
2019-04-11,4083.46,4097.12,3997.58,3990.24,169049648.0,-88.27,-2.16,4055.664,3984.644,3883.422,214922121.6,215282225.6,198557996.8
2019-04-10,4062.44,4115.38,4085.85,4035.47,194687616.0,10.42,0.26,4060.58,3959.225,3869.753,227495664.0,212253105.6,201789626.4
2019-04-09,4063.81,4084.24,4075.43,4038.28,182956816.0,18.2,0.45,4037.668,3920.684,3853.228,233758208.0,210089001.6,205801565.6
2019-04-08,4097.1,4122.6,4057.23,4017.49,267505584.0,-5.0,-0.12,4017.368,3887.424,3835.954,251443388.8,211651952.0,208199368.0
2019-04-04,4039.74,4072.11,4062.23,4021.71,260410944.0,40.07,1.0,3980.39,3865.081,3815.971,241070092.8,202037092.8,210723592.8
2019-04-03,3947.87,4026.5,4022.16,3939.78,231917360.0,50.87,1.28,3913.624,3842.547,3803.302,215642329.6,195627028.8,214195372.0
2019-04-02,3986.34,3988.1,3971.29,3956.51,226000336.0,-2.64,-0.07,3857.87,3823.875,3794.599,197010547.2,189998502.4,218503372.8
2019-04-01,3901.17,3982.91,3973.93,3901.17,271382720.0,101.59,2.62,3803.7,3810.142,3786.835,186419795.2,185571179.2,218746014.4
2019-03-29,3739.77,3876.38,3872.34,3739.77,215639104.0,143.94,3.86,3757.48,3797.924,3777.843,171860515.2,180125712.0,221351384.0
2019-03-28,3731.06,3755.72,3728.4,3710.08,133272128.0,-14.99,-0.4,3749.772,3785.191,3771.712,163004092.8,176079257.6,220804978.4
2019-03-27,3724.41,3750.26,3743.39,3703.45,138758448.0,42.95,1.16,3771.47,3782.2,3768.76,175611728.0,181833768.0,223381883.2
2019-03-26,3766.53,3770.84,3700.44,3687.55,173046576.0,-42.39,-1.13,3789.88,3780.28,3765.51,182986457.6,191326147.2,230755762.4
2019-03-25,3776.44,3807.18,3742.83,3741.61,198586320.0,-90.97,-2.37,3816.584,3785.771,3764.723,184722563.2,201514129.6,240005368.0
2019-03-22,3838.13,3845.58,3833.8,3786.59,171356992.0,-3.09,-0.08,3838.368,3784.483,3764.055,188390908.8,204746784.0,247203908.0
2019-03-21,3840.28,3864.07,3836.89,3823.47,196310304.0,1.45,0.04,3820.61,3766.861,3748.371,189154422.4,219410092.8,247997956.8
2019-03-20,3825.34,3855.15,3835.44,3790.51,175632096.0,1.48,0.04,3792.93,3764.057,3728.662,188055808.0,232763715.2,247189606.4
2019-03-19,3856.59,3868.34,3833.96,3815.22,181727104.0,-17.79,-0.46,3770.68,3765.322,3709.487,199665836.8,247008243.2,245777516.8
2019-03-18,3753.64,3851.75,3851.75,3733.68,216928048.0,106.74,2.85,3754.958,3763.527,3689.769,218305696.0,251920849.6,245645350.4
2019-03-15,3713.94,3782.24,3745.01,3713.94,175174560.0,46.52,1.26,3730.598,3757.762,3669.469,221102659.2,262577056.0,243943252.8
2019-03-14,3710.29,3747.82,3698.49,3673.85,190817232.0,-25.7,-0.69,3713.112,3758.232,3649.153,249665763.2,265530699.2,242367955.2
2019-03-13,3758.71,3763.09,3724.19,3708.81,233682240.0,-31.16,-0.83,3735.184,3755.32,3634.336,277471622.4,264929998.4,240383457.6
2019-03-12,3758.32,3804.72,3755.35,3723.68,274926400.0,25.4,0.68,3759.964,3750.74,3617.978,294350649.6,270185377.6,236890762.4
2019-03-11,3663.98,3731.91,3729.95,3650.81,230912864.0,72.37,1.98,3772.096,3743.674,3596.727,285536003.2,278496606.4,229256065.6
2019-03-08,3721.4,3774.54,3657.58,3656.19,317990080.0,-151.27,-3.97,3784.926,3743.627,3575.553,304051452.8,289661032.0,222651344.4
2019-03-07,3841.15,3845.18,3808.85,3778.8,329846528.0,-39.24,-1.02,3803.352,3729.881,3555.044,281395635.2,276585820.8,210852822.4
2019-03-06,3822.86,3855.16,3848.09,3787.52,318077376.0,32.08,0.84,3775.456,3693.267,3524.683,252388374.4,261615497.6,198672888.0
2019-03-05,3785.38,3816.16,3816.01,3770.79,230853168.0,21.91,0.58,3741.516,3653.651,3490.703,246020105.6,244546790.4,185956345.2
2019-03-04,3783.04,3886.58,3794.1,3764.78,323490112.0,44.39,1.18,3715.252,3616.011,3459.601,271457209.6,239369851.2,178296603.6
2019-03-01,3699.22,3749.71,3749.71,3668.77,204710992.0,80.34,2.19,3702.328,3581.175,3429.085,275270611.2,225309449.6,166253219.6
2019-02-28,3675.26,3695.46,3669.37,3650.05,184810224.0,-9.02,-0.24,3656.41,3540.074,3400.823,271776006.4,219205211.2,160216056.4
2019-02-27,3682.81,3737.63,3678.39,3638.33,286236032.0,-6.3,-0.17,3611.078,3513.351,3375.293,270842620.8,215836916.8,154622276.8
2019-02-26,3734.71,3762.11,3684.69,3679.27,358038688.0,-44.79,-1.2,3565.786,3485.215,3348.426,243073475.2,203596147.2,143303999.2
2019-02-25,3575.85,3729.48,3729.48,3574.69,342557120.0,209.36,5.95,3516.77,3449.78,3321.358,207282492.8,180015524.8,129051591.2
2019-02-22,3439.38,3520.12,3520.12,3417.98,187237968.0,77.41,2.25,3460.022,3407.479,3294.166,175348288.0,155641656.8,116619486.4
2019-02-21,3450.14,3500.25,3442.71,3431.63,180143296.0,-9.22,-0.27,3423.738,3380.207,3276.568,166634416.0,145119824.0,112455779.6
2019-02-20,3449.93,3463.77,3451.93,3421.51,147390304.0,12.32,0.36,3415.624,3356.099,3260.004,160831212.8,135730278.4,107457358.4
2019-02-19,3454.72,3480.79,3439.61,3419.07,179083776.0,-6.13,-0.18,3404.644,3327.754,3243.84,164118819.2,127365900.0,104098560.0
2019-02-18,3366.42,3445.74,3445.74,3366.42,182886096.0,107.04,3.21,3382.79,3303.19,3228.259,152748556.8,117223356.0,99583019.6
2019-02-15,3391.24,3395.03,3338.7,3335.87,143668608.0,-63.44,-1.86,3354.936,3276.994,3209.361,135935025.6,107196989.6,93744800.0
2019-02-14,3392.85,3415.4,3402.14,3381.98,151127280.0,5.11,0.15,3336.676,3261.571,3197.165,123605232.0,101226901.6,90150690.8
2019-02-13,3337.78,3405.58,3397.03,3329.14,163828336.0,66.69,2.0,3296.574,3237.235,3180.692,110629344.0,93407636.8,86857914.8
2019-02-12,3306.35,3335.36,3330.34,3298.63,122232464.0,23.87,0.72,3250.864,3211.637,3164.765,90612980.8,83011851.2,84034715.6
2019-02-11,3239.81,3307.06,3306.47,3239.81,98818440.0,59.07,1.82,3223.59,3192.935,3150.633,81698155.2,78087657.6,82231621.6
2019-02-01,3225.73,3247.5,3247.4,3207.72,82019640.0,45.77,1.43,3199.052,3180.852,3138.024,78458953.6,77597316.0,82348917.6
2019-01-31,3182.7,3216.07,3201.63,3178.01,86247840.0,33.15,1.05,3186.466,3172.929,3127.448,78848571.2,79791735.2,83413884.0
2019-01-30,3181.66,3202.9,3168.48,3167.89,63746520.0,-25.49,-0.8,3177.896,3163.908,3115.608,76185929.6,79184438.4,82644847.2
2019-01-29,3177.26,3200.99,3193.97,3148.23,77658336.0,10.19,0.32,3172.41,3159.925,3105.661,75410721.6,80831220.0,82890672.0
2019-01-28,3203.12,3228.87,3183.78,3174.72,82622432.0,-0.69,-0.02,3162.28,3153.327,3096.495,74477160.0,81942683.2,82560444.0
2019-01-25,3165.18,3203.17,3184.47,3164.41,83967728.0,25.69,0.81,3162.652,3141.727,3086.832,76735678.4,80292610.4,82456411.6
2019-01-24,3146.6,3165.63,3158.78,3125.3,72934632.0,17.73,0.56,3159.392,3132.758,3077.71,80734899.2,79074480.0,81040376.8
2019-01-23,3136.1,3157.63,3141.05,3131.87,59870480.0,-2.27,-0.07,3149.92,3124.149,3070.635,82182947.2,80308192.8,81328116.4
2019-01-22,3181.95,3181.95,3143.32,3135.34,72990528.0,-42.32,-1.33,3147.44,3117.892,3065.492,86251718.4,85057580.0,81199573.2
2019-01-21,3170.88,3199.21,3185.64,3170.88,93915024.0,17.47,0.55,3144.374,3108.33,3059.796,89408206.4,86375585.6,81387952.0
2019-01-18,3124.5,3171.69,3168.17,3120.35,103963832.0,56.75,1.82,3120.802,3095.196,3053.885,83849542.4,87100519.2,80179674.0
2019-01-17,3132.63,3141.71,3111.42,3110.06,80174872.0,-17.23,-0.55,3106.124,3081.966,3050.033,77414060.8,87036032.8,77757597.4
2019-01-16,3126.13,3135.01,3128.65,3117.29,80214336.0,0.66,0.02,3098.378,3067.308,3050.884,78433438.4,86105256.0,76939869.8
2019-01-15,3071.52,3129.37,3127.99,3064.67,88772968.0,60.21,1.96,3088.344,3051.397,3052.511,83863441.6,84950124.0,76254003.4
2019-01-14,3092.5,3097.41,3067.78,3064.38,66121704.0,-27.0,-0.87,3072.286,3039.663,3054.407,83342964.8,83178204.8,76030417.4
2019-01-11,3082.26,3102.83,3094.78,3071.03,71786424.0,22.09,0.72,3069.59,3031.936,3062.003,90351496.0,84620212.8,77246469.8
2019-01-10,3077.48,3092.54,3072.69,3062.57,85271760.0,-5.79,-0.19,3057.808,3022.661,3065.794,96658004.8,83006273.6,76322644.4
2019-01-09,3065.23,3117.96,3078.48,3062.85,107364352.0,30.78,1.01,3036.238,3017.12,3070.151,93777073.6,82348040.0,74720250.2
2019-01-08,3049.87,3055.51,3047.7,3038.53,86170584.0,-6.6,-0.22,3014.45,3013.092,3073.465,86036806.4,77341566.4,72523896.2
2019-01-07,3055.15,3061.75,3054.3,3035.91,101164360.0,18.43,0.61,3007.04,3011.262,3080.158,83013444.8,76400318.4,70883463.2
2019-01-04,2940.19,3036.81,3035.87,2935.83,103318968.0,71.03,2.4,2994.282,3012.574,3086.526,78888929.6,73258828.8,69641683.6
2019-01-03,2963.02,3000.44,2964.84,2953.25,70867104.0,-4.7,-0.16,2987.514,3018.1,3097.333,69354542.4,68479162.0,68283388.0
2019-01-02,3017.07,3018.78,2969.54,2958.49,68663016.0,-41.11,-1.36,2998.002,3034.459,3112.476,70919006.4,67774483.6,68710784.8
2018-12-28,2994.8,3024.35,3010.65,2984.82,71053776.0,20.14,0.67,3011.734,3053.625,3127.047,68646326.4,67557882.8,71351991.6
2018-12-27,3042.95,3047.23,2990.51,2990.51,80541784.0,-11.52,-0.38,3015.484,3069.151,3135.149,69787192.0,68882630.0,71345354.8
2018-12-26,3012.87,3029.06,3002.03,2996.48,55647032.0,-15.25,-0.51,3030.866,3092.069,3142.506,67628728.0,69872726.8,71343188.8
2018-12-25,3006.88,3030.14,3017.28,2964.88,78689424.0,-20.92,-0.69,3048.686,3108.927,3151.351,67603781.6,69639015.2,72304934.8
2018-12-24,3015.5,3040.35,3038.2,3007.33,57299616.0,8.8,0.29,3070.916,3123.181,3157.349,64629960.8,67092460.4,71140855.2
2018-12-21,3055.33,3057.4,3029.4,3007.61,76758104.0,-38.02,-1.24,3095.516,3133.837,3162.501,66469439.2,67706226.0,71244831.4
2018-12-20,3083.54,3097.72,3067.42,3044.29,69749464.0,-23.71,-0.77,3122.818,3149.053,3168.205,67978068.0,65366608.0,71638839.0
2018-12-19,3133.74,3137.01,3091.13,3086.76,55522300.0,-37.3,-1.19,3153.272,3160.478,3175.555,72116725.6,66024538.4,71406280.4
2018-12-18,3139.95,3165.0,3128.43,3114.47,63820320.0,-32.77,-1.04,3169.168,3176.565,3182.323,71674248.8,68087614.0,72836151.8
2018-12-17,3158.28,3167.51,3161.2,3134.37,66497008.0,-4.71,-0.15,3175.446,3190.493,3186.822,69554960.0,69647086.0,75113193.4
2018-12-14,3207.35,3210.72,3165.91,3165.91,84301248.0,-53.78,-1.67,3172.158,3200.468,3193.492,68943012.8,75146100.4,77586172.6
2018-12-13,3178.89,3234.08,3219.69,3169.42,90442752.0,49.08,1.55,3175.288,3201.146,3198.08,62755148.0,73808079.6,79714951.8
2018-12-12,3181.57,3182.21,3170.61,3160.28,53309916.0,10.79,0.34,3167.684,3192.942,3199.214,59932351.2,72813650.8,80120755.0
2018-12-11,3148.23,3161.96,3159.82,3143.61,53223876.0,15.06,0.48,3183.962,3193.774,3200.931,64500979.2,74970854.4,83145692.4
2018-12-10,3153.52,3170.15,3144.76,3134.38,63437272.0,-36.8,-1.16,3205.54,3191.516,3204.809,69739212.0,75189250.0,86809171.8
2018-12-07,3187.49,3193.82,3181.56,3176.71,53361924.0,-0.11,-0.0,3228.778,3191.164,3207.828,81349188.0,74783436.8,88040427.8
2018-12-06,3218.11,3223.52,3181.67,3179.89,76328768.0,-70.33,-2.16,3227.004,3187.356,3207.122,84861011.2,77911070.0,89586469.6
2018-12-05,3224.26,3266.9,3252.0,3219.98,76153056.0,-15.71,-0.48,3218.2,3190.632,3208.677,85694950.4,76788022.4,89590758.4
2018-12-04,3256.23,3267.94,3267.71,3243.7,79415040.0,6.76,0.21,3203.586,3188.081,3207.172,85440729.6,77584689.6,90363882.0
2018-12-03,3260.69,3273.64,3260.95,3228.36,121487152.0,88.26,2.78,3177.492,3183.151,3205.944,80639288.0,80579300.8,90586586.8
2018-11-30,3136.2,3175.15,3172.69,3132.42,70921040.0,35.04,1.12,3153.55,3186.516,3206.039,68217685.6,80026244.8,89997563.2
2018-11-29,3198.83,3204.86,3137.65,3137.65,80498464.0,-41.28,-1.3,3147.708,3195.014,3211.917,70961128.8,85621824.0,94124816.0
2018-11-28,3137.75,3179.41,3178.93,3126.62,74881952.0,41.69,1.33,3163.064,3205.486,3213.886,67881094.4,87427859.2,96732562.0
2018-11-27,3152.77,3162.01,3137.24,3126.29,55407832.0,-4.0,-0.13,3172.576,3208.087,3212.63,69728649.6,91320530.4,98548837.2
2018-11-26,3148.67,3169.44,3141.24,3131.64,59379140.0,-2.24,-0.07,3188.81,3218.101,3211.281,80519313.6,98429093.6,101581950.8
2018-11-23,3208.59,3212.2,3143.48,3139.39,84638256.0,-70.95,-2.21,3219.482,3224.491,3208.064,91834804.0,101297418.8,103204983.0
2018-11-22,3232.97,3235.45,3214.43,3199.7,65098292.0,-12.06,-0.37,3242.32,3226.887,3209.572,100282519.2,101261869.2,104038037.8
2018-11-21,3187.1,3230.26,3226.49,3185.24,84119728.0,8.08,0.25,3247.908,3226.721,3208.566,106974624.0,102393494.4,106130714.0
2018-11-20,3268.08,3278.78,3218.41,3213.68,109361152.0,-76.19,-2.31,3243.598,3226.263,3206.651,112912411.2,103143074.4,107470214.8
2018-11-19,3258.79,3294.6,3294.6,3251.07,115956592.0,36.93,1.13,3247.392,3228.737,3204.902,116338873.6,100593872.8,108052819.2
2018-11-16,3242.88,3282.39,3257.67,3223.72,126876832.0,15.3,0.47,3229.5,3225.561,3203.686,110760033.6,99968881.6,109548092.0
2018-11-15,3201.28,3242.38,3242.37,3198.78,98558816.0,37.43,1.17,3211.454,3228.819,3197.55,102241219.2,102627808.0,108146234.8
2018-11-14,3233.64,3239.24,3204.94,3200.23,113808664.0,-32.44,-1.0,3205.534,3222.285,3187.651,97812364.8,106037264.8,106906892.4
2018-11-13,3164.92,3254.77,3237.38,3161.1,126493464.0,32.24,1.01,3208.928,3217.173,3183.316,93373737.6,105777144.0,105058316.4
2018-11-12,3160.25,3206.51,3205.14,3152.44,88062392.0,37.7,1.19,3210.082,3204.461,3176.496,84848872.0,104734808.0,102178029.2
2018-11-09,3193.3,3193.3,3167.44,3166.31,84282760.0,-45.33,-1.41,3221.622,3191.636,3172.561,89177729.6,105112547.2,101255160.8
2018-11-08,3251.73,3253.57,3212.77,3207.71,76414544.0,-9.14,-0.28,3246.184,3192.256,3172.726,103014396.8,106814206.4,101971580.4
2018-11-07,3243.88,3270.5,3221.91,3218.42,91615528.0,-21.24,-0.66,3239.036,3190.41,3168.293,114262164.8,109867933.6,104197920.4
2018-11-06,3254.98,3254.98,3243.15,3213.89,83869136.0,-19.69,-0.6,3225.418,3187.039,3171.277,118180550.4,111797355.2,102841785.2
2018-11-05,3269.47,3279.88,3262.84,3230.36,109706680.0,-27.41,-0.83,3198.84,3181.067,3173.554,124620744.0,115511765.6,101984492.0
2018-11-02,3258.61,3290.25,3290.25,3222.44,153466096.0,113.22,3.56,3161.65,3181.81,3174.957,121047364.8,119127302.4,101393607.6
2018-11-01,3185.2,3217.8,3177.03,3173.1,132653384.0,23.21,0.74,3138.328,3166.28,3182.388,110614016.0,113664661.6,97939190.4
2018-10-31,3116.66,3168.92,3153.82,3106.03,111207456.0,43.56,1.4,3141.784,3153.016,3193.716,105473702.4,107776520.0,94794783.2
2018-10-30,3061.93,3146.63,3110.26,3050.77,116070104.0,33.37,1.08,3148.66,3149.459,3206.887,105414160.0,104339488.8,93893077.6
2018-10-29,3157.49,3158.81,3076.89,3062.58,91839784.0,-96.75,-3.05,3163.294,3148.53,3220.364,106402787.2,99621250.4,91542307.2
2018-10-26,3204.28,3218.1,3173.64,3151.92,101299352.0,-20.67,-0.65,3201.97,3153.486,3237.044,117207240.0,97397774.4,92371118.0
2018-10-25,3107.84,3197.32,3194.31,3099.89,106951816.0,6.11,0.19,3194.232,3153.195,3243.868,116715307.2,97128954.4,90534203.2
2018-10-24,3169.46,3245.4,3188.2,3164.29,110909744.0,4.77,0.15,3164.248,3146.175,3249.777,110079337.6,98527907.2,89645145.6
2018-10-23,3273.13,3276.02,3183.43,3163.57,121013240.0,-86.84,-2.65,3150.258,3155.515,3253.838,103264817.6,93886215.2,87620910.4
2018-10-22,3159.56,3297.38,3270.27,3159.56,145862048.0,135.32,4.32,3133.766,3166.041,3254.913,92839713.6,88457218.4,84183225.8
2018-10-19,3017.75,3137.75,3134.95,3009.5,98839688.0,90.56,2.98,3105.002,3168.104,3253.504,77588308.8,83659912.8,79896655.4
2018-10-18,3097.79,3097.79,3044.39,3043.38,73771968.0,-73.86,-2.37,3112.158,3198.495,3258.585,77542601.6,82213719.2,78319187.4
2018-10-17,3140.68,3149.13,3118.25,3062.55,76837144.0,17.28,0.56,3128.102,3234.415,3266.466,86976476.8,81813046.4,77361984.0
2018-10-16,3128.58,3166.09,3100.97,3089.37,68887720.0,-25.48,-0.81,3160.772,3264.314,3271.764,84507612.8,83446666.4,76444692.0
2018-10-15,3173.85,3183.13,3126.45,3120.23,69605024.0,-44.28,-1.4,3198.316,3292.197,3278.219,84074723.2,83463364.0,76191158.6
2018-10-12,3123.37,3184.12,3170.73,3094.97,98611152.0,46.62,1.49,3231.206,3320.601,3285.779,89731516.8,87344461.6,75908277.8
2018-10-11,3179.54,3209.52,3124.11,3099.04,120941344.0,-157.49,-4.8,3284.832,3334.541,3290.386,86884836.8,83939452.0,74092734.6
2018-10-10,3295.43,3315.73,3281.6,3256.58,64492824.0,-7.09,-0.22,3340.728,3353.378,3299.088,76649616.0,80762384.0,71260761.6
2018-10-09,3290.17,3309.8,3288.69,3276.13,66723272.0,-2.21,-0.07,3367.856,3352.161,3303.203,82385720.0,81355605.6,71390560.8
2018-10-08,3361.56,3364.46,3290.9,3285.25,97888992.0,-147.96,-4.3,3386.078,3343.784,3304.859,82852004.8,79909233.2,71375890.0
2018-09-28,3409.96,3444.99,3438.86,3404.7,84377752.0,35.27,1.04,3409.996,3338.903,3307.039,84957406.4,76133398.0,70291722.0
2018-09-27,3415.95,3423.71,3403.59,3394.73,69765240.0,-13.65,-0.4,3384.25,3318.674,3302.651,80994067.2,74424655.6,69492098.8
2018-09-26,3388.56,3448.26,3417.24,3383.24,93173344.0,37.44,1.11,3366.028,3298.517,3301.8,84875152.0,72910921.6,69354857.0
2018-09-25,3375.97,3394.38,3379.8,3367.03,69054696.0,-30.69,-0.9,3336.466,3279.214,3300.946,80325491.2,69442717.6,68468457.8
2018-09-21,3320.7,3410.49,3410.49,3307.77,108416000.0,100.36,3.03,3301.49,3264.241,3302.285,76966461.6,68918953.2,69729227.4
2018-09-20,3314.88,3332.31,3310.13,3303.07,64561056.0,-2.35,-0.07,3267.81,3250.956,3298.027,67309389.6,64472094.0,67496722.4
2018-09-19,3262.0,3335.99,3312.48,3258.31,89170664.0,43.05,1.32,3253.098,3246.231,3298.522,67855244.0,64246017.2,67324286.4
2018-09-18,3193.64,3270.11,3269.43,3193.64,70425040.0,64.51,2.01,3231.006,3244.797,3298.295,60946691.2,61759139.2,65405106.0
2018-09-17,3224.93,3230.79,3204.92,3200.51,52259548.0,-37.17,-1.15,3221.962,3254.244,3301.156,58559944.0,61425516.0,65644133.2
2018-09-14,3242.83,3254.1,3242.09,3227.94,60130640.0,5.52,0.17,3226.992,3265.934,3304.273,60871444.8,62842546.8,66576367.0
2018-09-13,3239.69,3249.59,3236.57,3191.4,67290328.0,34.55,1.08,3234.102,3275.175,3303.649,61634798.4,64450046.0,66939605.8
2018-09-12,3216.99,3225.6,3202.02,3194.98,54627900.0,-22.19,-0.69,3239.364,3286.627,3305.657,60636790.4,64559542.0,67402457.4
2018-09-11,3229.71,3245.62,3224.21,3209.11,58491304.0,-5.86,-0.18,3258.588,3305.082,3310.155,62571587.2,65798792.4,68079765.2
2018-09-10,3271.38,3277.88,3230.07,3227.85,63817052.0,-47.57,-1.45,3286.526,3322.678,3317.59,64291088.0,67494198.0,68187772.4
2018-09-07,3273.89,3316.61,3277.64,3253.72,63947408.0,14.76,0.45,3304.876,3340.328,3325.604,64813648.8,70539501.6,68806496.6
2018-09-06,3286.66,3311.5,3262.88,3253.76,62300288.0,-35.26,-1.07,3316.248,3345.097,3331.973,67265293.6,70521350.8,69057491.4
2018-09-05,3349.7,3354.2,3298.14,3298.14,64301884.0,-65.76,-1.96,3333.89,3350.812,3338.705,68482293.6,70402555.6,70540355.8
2018-09-04,3324.19,3370.96,3363.9,3307.96,67088808.0,42.08,1.27,3351.576,3351.793,3339.524,69025997.6,69051072.8,71289504.8
2018-09-03,3320.69,3325.61,3321.82,3291.78,66429856.0,-12.68,-0.38,3358.83,3348.068,3339.772,70697308.0,69862750.4,72524260.0
2018-08-31,3333.38,3356.58,3334.5,3310.87,76205632.0,-16.59,-0.49,3375.78,3342.611,3337.345,76265354.4,70310187.2,73101521.2
2018-08-30,3385.81,3402.56,3351.09,3349.47,68385288.0,-35.48,-1.05,3373.946,3332.123,3336.384,73777408.0,69429165.6,72831084.8
2018-08-29,3393.05,3398.71,3386.57,3377.12,67020404.0,-13.6,-0.4,3367.734,3324.687,3337.377,72322817.6,70245372.8,74477256.4
2018-08-28,3408.15,3416.59,3400.17,3388.81,75445360.0,-6.4,-0.19,3352.01,3315.228,3340.418,69076148.0,70360738.0,75643667.0
2018-08-27,3339.39,3406.57,3406.57,3339.26,94270088.0,81.24,2.44,3337.306,3312.502,3346.293,69028192.8,68881346.8,75270439.8
2018-08-24,3308.48,3353.04,3325.33,3291.87,63765900.0,5.3,0.16,3309.442,3310.879,3351.718,64355020.0,67073491.6,74662785.4
2018-08-23,3308.46,3336.11,3320.03,3285.81,61112336.0,12.08,0.36,3290.3,3318.848,3361.513,65080923.2,67593632.0,74983395.6
2018-08-22,3328.97,3328.97,3307.95,3299.39,50787056.0,-18.7,-0.56,3281.64,3326.598,3372.324,68167928.0,70678156.0,76445260.8
2018-08-21,3271.84,3331.71,3326.65,3270.03,75205584.0,59.4,1.82,3278.446,3327.254,3385.814,71645328.0,73527936.8,78743832.8
2018-08-20,3238.22,3267.25,3267.25,3209.01,70904224.0,37.63,1.17,3287.698,3331.476,3398.567,68734500.8,75185769.6,82829175.2
2018-08-17,3305.9,3311.57,3229.62,3224.1,67395416.0,-47.11,-1.44,3312.316,3332.078,3411.492,69791963.2,75892855.2,85235795.6
2018-08-16,3251.86,3315.2,3276.73,3231.56,76547360.0,-15.25,-0.46,3347.396,3340.644,3424.656,70106340.8,76233004.0,86965261.2
2018-08-15,3371.96,3372.14,3291.98,3288.71,68174056.0,-80.93,-2.4,3371.556,3350.067,3432.236,73188384.0,78709140.0,86561779.2
2018-08-14,3386.48,3391.73,3372.91,3356.61,60651448.0,-17.43,-0.51,3376.062,3365.608,3439.203,75410545.6,80926596.0,86479592.8
2018-08-13,3369.98,3396.19,3390.34,3336.7,76191536.0,-14.68,-0.43,3375.254,3380.083,3443.027,81637038.4,81659532.8,86546174.4
2018-08-10,3398.41,3424.04,3405.02,3380.57,68967304.0,7.49,0.22,3351.84,3392.557,3447.114,81993747.2,82252079.2,86150697.6
2018-08-09,3303.48,3408.39,3397.53,3299.62,91957576.0,83.02,2.5,3333.892,3404.178,3451.498,82359667.2,82373159.2,86350127.2
2018-08-08,3362.15,3368.16,3314.51,3311.77,79284864.0,-54.36,-1.61,3328.578,3418.05,3455.674,84229896.0,82212365.6,86569926.8
2018-08-07,3284.98,3368.96,3368.87,3263.5,91783912.0,95.6,2.92,3355.154,3444.374,3460.325,86442646.4,83959728.8,86207731.2
2018-08-06,3312.82,3344.25,3273.27,3257.69,77975080.0,-42.01,-1.27,3384.912,3465.658,3465.258,81682027.2,90472580.8,85095976.8
2018-08-03,3366.66,3381.34,3315.28,3315.2,70796904.0,-55.68,-1.65,3433.274,3490.906,3474.553,82510411.2,94578736.0,85027300.0
2018-08-02,3434.35,3434.35,3370.96,3322.1,101308720.0,-76.43,-2.22,3474.464,3508.667,3477.045,82386651.2,97697518.4,85792334.0
2018-08-01,3530.03,3543.61,3447.39,3446.78,90348616.0,-70.27,-2.0,3507.522,3514.405,3475.619,80194835.2,94414418.4,84806297.2
2018-07-31,3510.47,3528.15,3517.66,3493.15,67980816.0,2.58,0.07,3533.594,3512.798,3471.437,81476811.2,92032589.6,84046766.0
2018-07-30,3520.85,3550.9,3515.08,3489.55,82117000.0,-6.15,-0.17,3546.404,3505.97,3466.018,99263134.4,91432816.0,85411660.0
2018-07-27,3533.77,3545.41,3521.23,3512.7,70178104.0,-15.02,-0.42,3548.538,3501.671,3460.662,106647060.8,90049316.0,85523382.4
2018-07-26,3583.32,3593.92,3536.25,3528.64,90349640.0,-41.5,-1.16,3542.87,3498.817,3460.15,113008385.6,90327095.2,85877328.8
2018-07-25,3589.51,3589.98,3577.75,3566.31,96758496.0,-3.96,-0.11,3521.288,3493.298,3454.514,108634001.6,90927488.0,85155749.2
2018-07-24,3530.66,3596.51,3581.71,3530.66,156912432.0,55.96,1.59,3492.002,3476.276,3448.589,102588368.0,88455733.6,84392415.2
2018-07-23,3471.86,3527.53,3525.75,3464.65,119036632.0,32.86,0.94,3465.536,3464.857,3446.059,83602497.6,79719372.8,80796056.8
2018-07-20,3426.46,3505.93,3492.89,3398.95,101984728.0,64.55,1.88,3454.804,3458.2,3447.796,73451571.2,75475864.0,78838079.2
2018-07-19,3444.8,3466.51,3428.34,3417.96,68477720.0,-2.98,-0.09,3454.764,3445.423,3453.596,67645804.8,73887149.6,77494736.0
2018-07-18,3456.61,3479.26,3431.32,3430.16,66530328.0,-18.06,-0.52,3465.308,3436.833,3461.828,73220974.4,75198176.0,78766277.6
2018-07-17,3466.42,3467.19,3449.38,3420.97,61983080.0,-22.71,-0.65,3460.55,3430.076,3472.034,74323099.2,76060942.4,79775666.0
2018-07-16,3488.97,3506.24,3472.09,3459.73,68282000.0,-20.6,-0.59,3464.178,3426.066,3480.621,75836248.0,79390504.0,84711839.2
2018-07-13,3488.5,3499.76,3492.69,3474.91,72955896.0,11.63,0.33,3461.596,3419.653,3494.688,77500156.8,80997448.8,85572183.6
2018-07-12,3403.33,3499.1,3481.06,3403.33,96353568.0,73.53,2.16,3436.082,3421.482,3508.722,80128494.4,81427562.4,85347954.8
2018-07-11,3398.93,3427.57,3407.53,3375.14,72040952.0,-59.99,-1.73,3408.358,3415.729,3524.086,77175377.6,79384010.4,83849174.8
2018-07-10,3464.91,3474.14,3467.52,3437.27,69548824.0,8.34,0.24,3399.602,3420.902,3545.007,77798785.6,80329096.8,83907439.6
2018-07-09,3378.91,3459.32,3459.18,3378.91,76601544.0,94.06,2.79,3387.954,3427.261,3560.63,82944760.0,81872740.8,83865490.0
2018-07-06,3347.06,3396.25,3365.12,3295.73,86097584.0,22.68,0.68,3377.71,3437.391,3576.652,84494740.8,82200294.4,84202279.6
2018-07-05,3365.55,3398.49,3342.44,3330.71,81587984.0,-21.31,-0.63,3406.882,3461.769,3599.946,82726630.4,81102322.4,83910208.0
2018-07-04,3398.78,3418.33,3363.75,3359.09,75157992.0,-45.53,-1.33,3423.1,3486.822,3624.692,81592643.2,82334379.2,83486670.4
2018-07-03,3410.48,3422.04,3409.28,3319.29,95278696.0,1.32,0.04,3442.202,3513.991,3648.77,82859408.0,83490389.6,83663138.8
2018-07-02,3504.46,3506.9,3407.96,3383.5,84351448.0,-103.02,-2.93,3466.568,3535.175,3668.685,80800721.6,90033174.4,82730421.2
2018-06-29,3431.96,3512.38,3510.98,3425.22,77257032.0,87.45,2.55,3497.072,3569.722,3686.817,79905848.0,90146918.4,82403939.6
2018-06-28,3434.94,3477.06,3423.53,3416.95,75918048.0,-35.73,-1.03,3516.656,3595.961,3701.387,79478014.4,89268347.2,83174432.4
2018-06-27,3525.13,3537.66,3459.26,3441.78,81491816.0,-71.85,-2.04,3550.544,3632.442,3716.379,83076115.2,88314339.2,83774194.4
2018-06-26,3521.59,3541.78,3531.11,3478.21,84985264.0,-29.37,-0.82,3585.78,3669.111,3733.616,84121371.2,87485782.4,83777236.8
2018-06-25,3625.8,3631.03,3560.48,3559.03,79877080.0,-48.42,-1.34,3603.782,3693.998,3748.724,99265627.2,85858239.2,83104030.0
2018-06-22,3567.89,3609.08,3608.9,3542.46,75117864.0,15.93,0.44,3642.372,3715.912,3761.525,100387988.8,86204264.8,82651995.2
2018-06-21,3633.56,3673.56,3592.97,3589.49,93908552.0,-42.47,-1.17,3675.266,3738.123,3772.441,99058680.0,86718093.6,82313353.2
2018-06-20,3602.55,3649.34,3635.44,3578.17,86718096.0,14.32,0.4,3714.34,3762.561,3785.521,93552563.2,84638961.6,81804041.6
2018-06-19,3702.67,3712.82,3621.12,3583.02,160706544.0,-132.31,-3.52,3752.442,3783.549,3799.06,90850193.6,83835888.0,81236575.6
2018-06-15,3763.04,3780.34,3753.43,3737.43,85488888.0,-19.94,-0.53,3784.214,3802.195,3814.066,72450851.2,75427668.0,77833335.6
2018-06-14,3774.64,3808.16,3773.37,3759.25,68471320.0,-14.97,-0.4,3789.452,3803.911,3821.547,72020540.8,74660960.8,77189588.8
2018-06-13,3814.62,3817.45,3788.34,3782.07,66377968.0,-37.61,-0.98,3800.98,3806.812,3826.081,74377507.2,77080517.6,76717529.0
2018-06-12,3783.19,3830.47,3825.95,3765.26,73206248.0,45.97,1.22,3810.782,3800.315,3831.306,75725360.0,79234049.6,76994313.0
2018-06-11,3770.21,3792.55,3779.98,3756.51,68709832.0,0.36,0.01,3814.656,3798.121,3836.214,76821582.4,80068691.2,77136478.6
2018-06-08,3819.45,3819.46,3779.62,3759.27,83337336.0,-51.39,-1.34,3820.176,3803.449,3842.679,78404484.8,80349820.8,77799787.0
2018-06-07,3846.94,3859.85,3831.01,3827.69,80256152.0,-6.34,-0.17,3818.37,3807.137,3847.34,77301380.8,79099725.6,77300750.6
2018-06-06,3839.68,3848.33,3837.35,3830.9,73117232.0,-7.97,-0.21,3812.644,3806.758,3850.443,79783528.0,77908612.8,76821333.4
2018-06-05,3811.29,3845.56,3845.32,3800.93,78687360.0,37.74,0.99,3789.848,3808.481,3852.156,82742739.2,78969121.6,76501120.0
2018-06-04,3785.19,3813.41,3807.58,3776.62,76624344.0,36.99,0.98,3781.586,3814.57,3853.824,83315800.0,78637263.2,77277510.0
2018-06-01,3789.67,3802.54,3770.59,3753.84,77821816.0,-31.79,-0.84,3786.722,3825.936,3855.155,82295156.8,80239003.2,77810602.4
2018-05-31,3749.3,3804.79,3802.38,3742.53,92666888.0,79.01,2.12,3795.904,3839.183,3855.355,80898070.4,79718216.8,77497226.0
2018-05-30,3755.18,3767.89,3723.37,3722.07,87913288.0,-80.64,-2.12,3800.872,3845.35,3854.886,76033697.6,76354540.4,77561937.2
2018-05-29,3824.19,3841.78,3804.01,3800.67,81552664.0,-29.25,-0.76,3827.114,3862.297,3856.9,75195504.0,74754576.4,77331324.4
2018-05-28,3816.26,3846.55,3833.26,3799.32,71521128.0,16.76,0.44,3847.554,3874.306,3854.544,73958726.4,74204266.0,77730277.6
2018-05-25,3823.74,3841.12,3816.5,3804.13,70836384.0,-10.72,-0.28,3865.15,3881.909,3850.655,78182849.6,75249753.2,78511753.2
2018-05-24,3853.29,3859.1,3827.22,3823.92,68345024.0,-27.36,-0.71,3882.462,3887.543,3851.265,78538363.2,75501775.6,78878564.4
2018-05-23,3898.27,3898.27,3854.58,3854.58,83722320.0,-51.63,-1.32,3889.828,3894.127,3852.079,76675383.2,75734054.0,81172289.2
2018-05-22,3918.82,3918.82,3906.21,3881.17,75368776.0,-15.03,-0.38,3897.48,3895.831,3847.666,74313648.8,74033118.4,81503988.0
2018-05-21,3925.54,3937.46,3921.24,3913.6,92641744.0,18.18,0.47,3901.058,3893.078,3840.398,74449805.6,75917756.8,82699695.2
2018-05-18,3860.16,3903.06,3903.06,3841.9,72613952.0,39.01,1.01,3898.668,3884.373,3834.928,72316656.8,75382201.6,83020310.8
2018-05-17,3895.49,3899.51,3864.05,3858.85,59030124.0,-28.79,-0.74,3892.624,3871.527,3828.089,72465188.0,75276235.2,84723448.4
2018-05-16,3909.82,3923.34,3892.84,3889.19,71913648.0,-31.26,-0.8,3898.426,3864.422,3822.319,74792724.8,78769334.0,86302481.8
2018-05-15,3920.14,3924.34,3924.1,3892.92,76049560.0,14.81,0.38,3894.182,3851.503,3818.12,73752588.0,79908072.4,87667687.8
2018-05-14,3886.87,3919.3,3909.29,3886.87,81976000.0,36.45,0.94,3885.098,3834.781,3815.472,77385708.0,81256289.2,87442419.8
2018-05-11,3902.15,3903.34,3872.84,3871.95,73356608.0,-20.22,-0.52,3870.078,3819.401,3814.939,78447746.4,81773753.2,87478594.2
2018-05-10,3882.84,3894.49,3893.06,3867.31,70667808.0,21.44,0.55,3850.43,3814.987,3818.214,78087282.4,82255353.2,89407415.0
2018-05-09,3876.13,3878.94,3871.62,3855.74,66712964.0,-7.06,-0.18,3830.418,3810.03,3819.92,82745943.2,86610524.4,91182711.0
2018-05-08,3834.61,3892.07,3878.68,3833.73,94215160.0,44.49,1.16,3808.824,3799.501,3818.985,86063556.8,88974857.6,92052336.0
2018-05-07,3782.54,3834.59,3834.19,3776.03,87286192.0,59.59,1.58,3784.464,3787.718,3817.794,85126870.4,89481633.6,91778108.8
2018-05-04,3784.32,3801.52,3774.6,3770.94,71554288.0,-18.4,-0.48,3768.724,3785.483,3819.209,85099760.0,90658420.0,92170668.0
2018-05-03,3756.17,3797.53,3793.0,3732.37,93961112.0,29.35,0.78,3779.544,3784.651,3824.825,86423424.0,94170661.6,94155087.2
2018-05-02,3769.93,3787.3,3763.65,3744.55,83301032.0,6.77,0.18,3789.642,3780.215,3830.1,90475105.6,93835629.6,94332645.2
2018-04-27,3771.04,3776.98,3756.88,3714.64,89531728.0,1.39,0.04,3790.178,3784.736,3836.62,91886158.4,95427303.2,95999046.8
2018-04-26,3823.39,3828.71,3755.49,3744.89,87150640.0,-73.21,-1.91,3790.972,3796.162,3840.912,93836396.8,93628550.4,96597205.6
2018-04-25,3824.59,3838.69,3828.7,3817.03,78172608.0,-14.79,-0.39,3802.242,3810.477,3848.801,96217080.0,93183435.2,97924709.2
2018-04-24,3769.88,3854.43,3843.49,3769.88,114219520.0,77.16,2.05,3789.758,3821.441,3851.36,101917899.2,96559476.8,99773034.8
2018-04-23,3754.69,3787.4,3766.33,3735.18,90356296.0,5.48,0.15,3770.788,3829.809,3854.433,97196153.6,95754897.6,103066081.2
2018-04-20,3801.21,3815.44,3760.85,3750.1,99282920.0,-50.99,-1.34,3779.294,3838.469,3867.134,98968448.0,95129814.4,103003029.6
2018-04-19,3774.78,3824.03,3811.84,3767.8,99054056.0,45.56,1.21,3801.352,3847.87,3882.144,93420704.0,94074584.0,102919358.4
2018-04-18,3785.31,3789.66,3766.28,3708.11,106676704.0,17.64,0.47,3818.712,3852.934,3895.437,90149790.4,93682916.0,101996919.6
2018-04-17,3812.87,3822.63,3748.64,3745.44,90610792.0,-60.22,-1.58,3853.124,3864.998,3910.835,91201054.4,94139512.8,100738228.4
2018-04-16,3862.47,3869.16,3808.86,3789.61,99217768.0,-62.28,-1.61,3888.83,3879.984,3926.224,94313641.6,94829660.8,100452498.4
2018-04-13,3920.74,3929.95,3871.14,3866.19,71544200.0,-27.5,-0.7,3897.644,3888.503,3940.589,91291180.8,96570790.4,99899668.0
2018-04-12,3935.67,3937.78,3898.64,3896.18,82699488.0,-39.7,-1.01,3894.388,3885.661,3950.699,94728464.0,99565860.8,101273128.4
2018-04-11,3934.17,3958.71,3938.34,3924.96,111933024.0,11.17,0.28,3887.156,3887.124,3960.33,97216041.6,102665983.2,102726475.2
2018-04-10,3860.72,3927.42,3927.17,3851.8,106173728.0,74.24,1.93,3876.872,3881.279,3969.796,97077971.2,102986592.8,104175160.8
2018-04-09,3851.95,3870.67,3852.93,3827.41,84105464.0,-1.93,-0.05,3871.138,3879.056,3978.881,95345680.0,110377264.8,104551564.8
2018-04-04,3873.63,3898.61,3854.86,3852.5,88730616.0,-7.62,-0.2,3879.362,3895.798,3990.115,101850400.0,110876244.8,104904082.4
2018-04-03,3850.15,3878.15,3862.48,3839.93,95137376.0,-24.44,-0.63,3876.934,3916.417,3999.204,104403257.6,111764132.8,105815172.8
2018-04-02,3897.01,3937.02,3886.92,3882.89,111242672.0,-11.58,-0.3,3887.092,3937.939,4009.408,108115924.8,110310923.2,107996426.4
2018-03-30,3893.75,3915.35,3898.5,3879.21,97512272.0,4.45,0.11,3885.686,3956.672,4015.967,108895214.4,107336944.0,106831920.0
2018-03-29,3854.59,3913.96,3894.05,3794.26,116629064.0,51.33,1.34,3886.974,3972.464,4021.865,125408849.6,106075336.0,106764556.4
2018-03-28,3865.05,3907.28,3842.72,3835.88,101494904.0,-70.55,-1.8,3912.234,3992.675,4029.617,119902089.6,103228545.6,106443095.6
2018-03-27,3927.49,3936.78,3913.27,3881.87,113700712.0,33.38,0.86,3955.9,4015.737,4038.663,119125008.0,102980396.0,106835530.0
2018-03-26,3862.69,3883.9,3879.89,3829.92,115139120.0,-25.05,-0.64,3988.786,4033.535,4045.949,112505921.6,102786967.2,107447218.0
2018-03-23,3896.74,3928.51,3904.94,3834.94,180080448.0,-115.41,-2.87,4027.658,4058.313,4057.875,105778673.6,105363728.8,108584312.4
2018-03-22,4062.07,4072.38,4020.35,4003.72,89095264.0,-40.7,-1.0,4057.954,4078.706,4066.183,86741822.4,98725864.8,104553227.2
2018-03-21,4097.02,4110.12,4061.05,4046.24,97609496.0,-16.65,-0.41,4073.116,4084.431,4067.802,86555001.6,98931920.0,105389042.4
2018-03-20,4045.74,4080.19,4077.7,4040.31,80605280.0,3.45,0.09,4075.574,4081.991,4063.097,86835784.0,99866212.8,104062634.4
2018-03-19,4054.62,4074.52,4074.25,4033.52,81502880.0,17.83,0.44,4078.284,4080.877,4055.994,93068012.8,105681929.6,105660664.4
2018-03-16,4096.89,4110.05,4056.42,4055.82,84896192.0,-39.74,-0.97,4088.968,4075.262,4046.786,104948784.0,106326896.0,107394652.4
2018-03-15,4058.71,4098.99,4096.16,4058.71,88161160.0,22.82,0.56,4099.458,4071.266,4035.998,110709907.2,107453776.8,113467334.0
2018-03-14,4076.06,4089.09,4073.34,4066.49,99013408.0,-17.91,-0.44,4095.746,4066.559,4031.792,111308838.4,109657645.6,117022775.2
2018-03-13,4124.33,4130.28,4091.25,4087.56,111766424.0,-36.42,-0.88,4088.408,4061.589,4030.65,112896641.6,110690664.0,122228480.0
2018-03-12,4130.71,4139.53,4127.67,4112.77,140906736.0,18.8,0.46,4083.47,4058.362,4033.532,118295846.4,112107468.8,127385681.2
2018-03-09,4088.07,4110.67,4108.87,4076.45,113701808.0,31.27,0.77,4061.556,4057.437,4040.856,107705008.0,111804896.0,128407734.0
2018-03-08,4038.95,4078.23,4077.6,4029.71,91155816.0,40.95,1.01,4043.074,4053.659,4048.974,104197646.4,110380589.6,130025985.2
2018-03-07,4063.5,4089.7,4036.65,4027.94,106952424.0,-29.91,-0.74,4037.372,4051.172,4057.389,108006452.8,111846164.8,134968340.8
2018-03-06,4034.99,4067.55,4066.56,3998.93,138762448.0,48.46,1.21,4034.77,4044.203,4069.352,108484686.4,108259056.0,136881227.6
2018-03-05,4021.66,4042.83,4018.1,3995.87,87952544.0,1.64,0.04,4033.254,4031.11,4078.829,105919091.2,105639399.2,136894841.2
2018-03-02,4014.95,4044.42,4016.46,4006.94,96165000.0,-32.63,-0.81,4053.318,4018.31,4093.025,115904784.0,108462408.8,142052231.6
2018-03-01,3994.87,4061.03,4049.09,3986.89,110199848.0,25.45,0.63,4064.244,4000.729,4111.267,116563532.8,119480891.2,146105344.0
2018-02-28,4016.79,4051.71,4023.64,3991.71,109343592.0,-35.34,-0.87,4064.972,3997.025,4127.066,115685876.8,124387904.8,150364098.8
2018-02-27,4120.87,4120.87,4058.98,4051.81,125934472.0,-59.44,-1.44,4053.636,3999.711,4145.379,108033425.6,133766296.0,155887863.2
2018-02-26,4093.4,4128.74,4118.42,4048.98,137881008.0,47.33,1.16,4028.966,4008.702,4161.56,105359707.2,142663893.6,159684518.8
2018-02-23,4061.75,4085.2,4071.09,4035.23,99458744.0,18.36,0.45,3983.302,4024.275,4172.469,101020033.6,145010572.0,161522628.4
2018-02-22,4020.97,4058.79,4052.73,4009.92,105811568.0,85.77,2.16,3937.214,4044.289,4183.185,122398249.6,149671380.8,167024220.0
2018-02-14,3945.09,3971.4,3966.96,3923.13,71081336.0,31.33,0.8,3929.078,4063.606,4194.119,133089932.8,158090516.8,170335283.2
2018-02-13,3925.6,3986.98,3935.63,3925.6,112565880.0,45.53,1.17,3945.786,4094.5,4208.177,159499166.4,165503399.2,177496768.4
2018-02-12,3846.27,3907.84,3890.1,3828.07,116182640.0,49.45,1.29,3988.438,4126.547,4224.319,179968080.0,168150283.2,179943222.4
2018-02-09,3896.17,3911.29,3840.65,3759.15,206349824.0,-171.4,-4.27,4065.248,4167.739,4241.076,189001110.4,175642054.4,182679484.8
2018-02-08,4022.88,4071.67,4012.05,3974.68,159269984.0,-38.45,-0.95,4151.364,4221.804,4260.294,176944512.0,172729796.8,177929733.6
2018-02-07,4205.74,4212.57,4050.5,4048.42,203127504.0,-98.39,-2.37,4198.134,4257.107,4269.971,183091100.8,176340292.8,176045161.2
2018-02-06,4182.33,4211.52,4148.89,4131.56,214910448.0,-125.26,-2.93,4243.214,4291.046,4277.836,171507632.0,178009430.4,173444869.2
2018-02-05,4204.46,4274.15,4274.15,4200.14,161347792.0,2.92,0.07,4264.656,4314.418,4279.857,156332486.4,176705144.0,169651062.0
2018-02-02,4213.94,4271.76,4271.23,4181.78,146066832.0,25.33,0.6,4270.23,4320.663,4274.157,162282998.4,178034684.8,170277555.6
2018-02-01,4276.34,4287.39,4245.9,4214.29,190002928.0,-30.0,-0.7,4292.244,4322.08,4267.533,168515081.6,184377059.2,170424707.6
2018-01-31,4234.11,4287.86,4275.9,4232.77,145210160.0,19.8,0.47,4316.08,4324.632,4261.679,169589484.8,182580049.6,167651750.8
2018-01-30,4286.68,4308.51,4256.1,4251.57,139034720.0,-45.92,-1.07,4338.878,4321.854,4253.453,184511228.8,189490137.6,167983854.0
2018-01-29,4387.06,4395.91,4302.02,4287.11,191100352.0,-79.28,-1.81,4364.18,4322.091,4245.018,197077801.6,191736161.6,168378890.0
2018-01-26,4352.22,4403.34,4381.3,4351.49,177227248.0,16.22,0.37,4371.096,4314.413,4231.46,193786371.2,189716915.2,163348206.4
2018-01-25,4381.98,4392.2,4365.08,4336.24,195374944.0,-24.81,-0.56,4351.916,4298.783,4213.34,200239036.8,183129670.4,160413988.4
2018-01-24,4389.45,4397.82,4389.89,4349.09,219818880.0,7.28,0.17,4333.184,4282.834,4194.646,195570614.4,175750029.6,155902920.0
2018-01-23,4346.89,4383.57,4382.61,4346.79,201867584.0,46.01,1.06,4304.83,4264.626,4177.833,194469046.4,168880308.0,149467915.2
2018-01-22,4276.48,4338.48,4336.6,4275.9,174643200.0,51.2,1.2,4280.002,4245.295,4160.779,186394521.6,162596980.0,143970884.0
2018-01-19,4281.94,4316.57,4285.4,4269.62,209490576.0,13.98,0.33,4257.73,4227.651,4146.679,185647459.2,162520426.4,138912408.4
2018-01-18,4259.38,4292.64,4271.42,4246.68,172032832.0,23.3,0.55,4245.65,4212.986,4135.802,166020304.0,156472356.0,133279684.0
2018-01-17,4261.78,4283.34,4248.12,4230.54,214311040.0,-10.35,-0.24,4232.484,4198.725,4123.755,155929444.8,152723452.0,129208267.6
2018-01-16,4215.62,4260.21,4258.47,4213.13,161494960.0,33.23,0.79,4224.422,4185.052,4113.116,143291569.6,146477570.4,122369164.8
2018-01-15,4229.84,4262.93,4225.24,4216.36,170907888.0,0.24,0.01,4210.588,4167.945,4099.457,138799438.4,145021618.4,118187085.6
2018-01-12,4205.14,4227.39,4225.0,4199.03,111354800.0,19.41,0.46,4197.572,4148.506,4087.238,139393393.6,136979497.6,114093910.4
2018-01-11,4197.11,4211.8,4205.59,4181.96,121578536.0,-2.22,-0.05,4180.322,4127.896,4077.295,146924408.0,137698306.4,112564613.6
2018-01-10,4187.2,4211.05,4207.81,4175.14,151121664.0,18.51,0.44,4164.966,4106.458,4069.52,149517459.2,136055810.4,110362993.6
2018-01-09,4157.54,4191.28,4189.3,4153.5,139034304.0,29.14,0.7,4145.682,4091.039,4059.931,149663571.2,130055522.4,107023846.4
2018-01-08,4140.85,4166.32,4160.16,4127.31,173877664.0,21.41,0.52,4125.302,4076.263,4053.941,151243798.4,125344788.0,104929578.8
2018-01-05,4133.34,4151.28,4138.75,4123.28,149009872.0,9.94,0.24,4099.44,4065.707,4046.102,134565601.6,115304390.4,100699838.4
2018-01-04,4114.12,4137.64,4128.81,4105.89,134543792.0,17.42,0.42,4075.47,4058.617,4037.717,128472204.8,110087012.0,97762047.2
2018-01-03,4091.46,4140.05,4111.39,4088.73,151852224.0,23.99,0.59,4047.95,4048.785,4032.068,122594161.6,105693083.2,96499168.0
2018-01-02,4045.21,4087.78,4087.4,4045.21,146935440.0,56.55,1.4,4036.396,4041.179,4028.507,110447473.6,98260759.2,96610910.4
2017-12-29,4022.88,4043.14,4030.85,4012.87,90486680.0,11.95,0.3,4027.224,4030.968,4025.08,99445777.6,91352552.8,94396499.2
2017-12-28,3993.0,4036.7,4018.9,3980.24,118542888.0,27.69,0.69,4031.974,4025.969,4023.444,96043179.2,91208323.2,94741510.8
2017-12-27,4045.28,4047.74,3991.21,3986.74,105153576.0,-62.41,-1.54,4041.764,4026.694,4022.804,91701819.2,87430920.8,94213534.0
2017-12-26,4040.62,4056.86,4053.62,4015.3,91118784.0,12.08,0.3,4049.62,4032.582,4025.931,88792004.8,84670176.8,95183537.6
2017-12-25,4057.42,4086.93,4041.54,4026.45,91926960.0,-13.06,-0.32,4045.962,4028.822,4026.041,86074044.8,83992170.4,95730503.2
2017-12-22,4064.91,4076.8,4054.6,4048.49,73473688.0,-13.25,-0.33,4034.712,4031.618,4026.462,83259328.0,84514369.6,98306919.2
2017-12-21,4023.08,4080.78,4067.85,4014.65,96836088.0,37.36,0.93,4019.964,4026.496,4028.942,86373467.2,86095286.4,101176136.4
2017-12-20,4036.02,4044.85,4030.49,4015.63,90604504.0,-4.84,-0.12,4011.624,4016.817,4030.669,83160022.4,85437082.4,105241693.6
2017-12-19,3985.82,4035.63,4035.33,3985.82,77528984.0,50.04,1.26,4015.544,4015.35,4040.523,80548348.8,87305252.8,110035318.0
2017-12-18,3983.3,4008.07,3985.29,3967.93,77853376.0,4.43,0.11,4011.682,4015.834,4049.642,81910296.0,94961061.6,115176409.6
2017-12-15,4018.73,4020.27,3980.86,3974.93,89044384.0,-45.29,-1.12,4028.524,4019.191,4057.569,85769411.2,97440445.6,118156104.0
2017-12-14,4050.9,4057.62,4026.15,4013.85,80768864.0,-23.94,-0.59,4033.028,4020.919,4064.568,85817105.6,98274698.4,123293091.2
2017-12-13,4013.83,4052.69,4050.09,4004.74,77546136.0,34.07,0.85,4022.01,4018.914,4068.511,87714142.4,100996147.2,125323868.8
2017-12-12,4068.51,4070.15,4016.02,4015.45,84338720.0,-53.48,-1.31,4015.156,4019.28,4069.69,94062156.8,105696898.4,127478346.8
2017-12-11,4006.88,4069.5,4069.5,4005.27,97148952.0,66.12,1.65,4019.986,4023.26,4073.857,108011827.2,107468836.0,130423257.2
2017-12-08,3962.83,4014.14,4003.38,3955.44,89282856.0,32.32,0.81,4009.858,4021.305,4076.785,109111480.0,112099468.8,133138125.6
2017-12-07,4003.58,4017.95,3971.06,3955.99,90254048.0,-44.76,-1.11,4008.81,4031.387,4082.212,110732291.2,116256986.4,135764841.2
2017-12-06,4027.12,4031.75,4015.82,3964.81,109286208.0,-24.35,-0.6,4015.818,4044.521,4087.454,114278152.0,125046304.8,137304955.6
2017-12-05,4007.94,4045.93,4040.17,4006.54,154087072.0,21.31,0.53,4023.404,4065.696,4089.063,117331640.0,132765383.2,139382030.8
2017-12-04,3989.05,4032.99,4018.86,3982.32,102647216.0,20.72,0.52,4026.534,4083.449,4089.767,106925844.8,135391757.6,139283510.8
2017-12-01,4003.56,4027.11,3998.14,3984.38,97386912.0,-7.96,-0.2,4032.752,4095.946,4089.869,115087457.6,138871762.4,140255208.0
2017-11-30,4034.01,4052.8,4006.1,3988.0,107983352.0,-47.65,-1.18,4053.964,4108.217,4089.597,121781681.6,148311484.0,141856084.4
2017-11-29,4061.35,4069.24,4053.75,4004.69,124553648.0,-2.07,-0.05,4073.224,4118.108,4089.148,135814457.6,149651590.4,142761946.0
2017-11-28,4034.21,4056.48,4055.82,4010.3,102058096.0,5.87,0.14,4107.988,4120.1,4086.292,148199126.4,149259795.2,143055132.4
2017-11-27,4088.93,4088.93,4049.95,4037.15,143455280.0,-54.25,-1.32,4140.364,4124.453,4083.837,163857670.4,153377678.4,143411166.4
2017-11-24,4089.47,4116.59,4104.2,4057.49,130858032.0,1.8,0.04,4159.14,4132.265,4081.825,162656067.2,154176782.4,144107782.4
2017-11-23,4213.38,4214.19,4102.4,4086.9,178147232.0,-125.17,-2.96,4162.47,4133.036,4077.714,174841286.4,155272696.0,143898523.2
2017-11-22,4228.37,4260.64,4227.57,4191.15,186476992.0,9.87,0.23,4162.992,4130.386,4072.273,163488723.2,149563606.4,141485934.8
2017-11-21,4131.85,4220.26,4217.7,4129.98,180350816.0,73.87,1.78,4132.212,4112.43,4059.742,150320464.0,145998678.4,136572358.0
2017-11-20,4093.73,4144.51,4143.83,4060.96,137447264.0,22.98,0.56,4108.542,4096.085,4046.827,142897686.4,143175264.0,132207724.8
2017-11-17,4094.08,4122.38,4120.85,4081.37,191784128.0,15.84,0.39,4105.39,4083.791,4036.175,145697497.6,141638653.6,129409610.4
2017-11-16,4063.49,4107.62,4105.01,4062.27,121384416.0,31.34,0.77,4103.602,4070.976,4026.475,135704105.6,135400684.8,123469412.8
2017-11-15,4084.21,4102.81,4073.67,4055.72,120635696.0,-25.68,-0.63,4097.78,4060.188,4017.787,135638489.6,135872301.6,122726554.8
2017-11-14,4129.27,4133.55,4099.35,4086.89,143236928.0,-28.72,-0.7,4092.648,4052.483,4011.312,141676892.8,136850469.6,121743262.0
2017-11-13,4115.55,4137.65,4128.07,4115.55,151446320.0,16.16,0.39,4083.628,4043.22,4001.998,143452841.6,133444654.4,118693477.2
2017-11-10,4070.28,4116.71,4111.91,4067.66,141817168.0,36.01,0.88,4062.192,4031.385,3991.267,137579809.6,134038782.4,117188912.8
2017-11-09,4043.07,4076.61,4075.9,4038.4,121056336.0,27.89,0.69,4038.35,4022.391,3981.721,135097264.0,132524350.4,114605157.6
2017-11-08,4051.49,4089.15,4048.01,4040.58,150827712.0,-6.24,-0.15,4022.596,4014.159,3973.574,136106113.6,133408263.2,113269387.2
2017-11-07,4022.4,4064.22,4054.25,4021.36,152116672.0,33.36,0.83,4012.318,4007.053,3966.308,132024046.4,127146037.6,110948909.2
2017-11-06,3989.18,4021.64,4020.89,3975.41,122081160.0,28.19,0.71,4002.812,3997.568,3958.088,123436467.2,121240185.6,108969704.8
2017-11-03,3992.35,3999.34,3992.7,3963.03,129404440.0,-4.43,-0.11,4000.578,3988.559,3951.154,130497755.2,117180567.2,109642439.6
2017-11-02,3994.09,3999.23,3997.13,3971.38,126100584.0,0.51,0.01,4006.432,3981.974,3943.344,129951436.8,111538140.8,107837519.2
2017-11-01,4007.91,4032.46,3996.62,3991.32,130417376.0,-10.1,-0.25,4005.722,3975.386,3934.615,130710412.8,109580808.0,106209693.6
2017-10-31,3995.39,4009.28,4006.72,3983.26,109178776.0,-3.0,-0.07,4001.788,3970.14,3925.844,122268028.8,106636054.4,103971615.6
2017-10-30,4022.16,4033.34,4009.72,3960.27,157387600.0,-12.25,-0.3,3992.324,3960.775,3916.547,119043904.0,103942300.0,102606147.2
2017-10-27,3992.55,4024.46,4021.97,3991.35,126672848.0,28.39,0.71,3976.54,3951.148,3906.95,103863379.2,100339043.2,99934216.0
2017-10-26,3980.05,4013.6,3993.58,3973.55,129895464.0,16.63,0.42,3957.516,3941.051,3897.738,93124844.8,96685964.8,98631564.0
2017-10-25,3958.17,3978.09,3976.95,3954.0,88205456.0,17.55,0.44,3945.05,3932.988,3889.95,88451203.2,93130511.2,97691700.4
2017-10-24,3926.23,3959.5,3959.4,3922.03,93058152.0,28.6,0.73,3938.492,3925.562,3883.225,91004080.0,94751780.8,98337904.8
2017-10-23,3930.89,3936.27,3930.8,3920.66,81484976.0,3.95,0.1,3929.226,3918.608,3876.861,88840696.0,96699224.0,99306646.8
2017-10-20,3918.53,3928.96,3926.85,3910.2,72980176.0,-4.4,-0.11,3925.756,3913.749,3872.478,96814707.2,102104312.0,101129118.4
2017-10-19,3940.58,3944.03,3931.25,3923.65,106527256.0,-12.91,-0.33,3924.586,3904.714,3867.7,100247084.8,104136897.6,103601459.6
2017-10-18,3914.82,3944.41,3944.16,3914.82,100969840.0,31.09,0.8,3920.926,3893.843,3862.636,97809819.2,102838579.2,104043026.0
2017-10-17,3910.79,3924.61,3913.07,3900.48,82241232.0,-0.38,-0.01,3912.632,3881.547,3857.558,98499481.6,101307176.8,103765073.2
2017-10-16,3926.28,3947.42,3913.45,3913.32,121355032.0,-7.55,-0.19,3907.99,3872.318,3853.801,104557752.0,101269994.4,106862523.6
2017-10-13,3912.97,3927.17,3921.0,3908.89,90142064.0,8.05,0.21,3901.742,3862.752,3849.411,107393916.8,99529388.8,106988972.0
2017-10-12,3902.02,3917.44,3912.95,3897.55,94340928.0,10.26,0.26,3884.842,3854.425,3844.661,108026710.4,100577163.2,107783694.0
2017-10-11,3886.82,3913.07,3902.69,3885.5,104418152.0,12.83,0.33,3866.76,3846.912,3840.507,107867339.2,102252889.6,109260856.8
2017-10-10,3883.0,3900.74,3889.86,3855.47,112532584.0,7.65,0.2,3850.462,3840.887,3837.845,104114872.0,101924028.8,110609885.6
2017-10-09,3910.11,3918.84,3882.21,3876.03,135535856.0,45.71,1.19,3836.646,3835.113,3836.204,97982236.8,101914069.6,111231464.4
2017-09-29,3825.2,3852.22,3836.5,3825.2,93306032.0,13.96,0.36,3823.762,3831.206,3834.375,91664860.8,100153924.8,111932987.6
2017-09-28,3821.59,3827.33,3822.54,3813.75,93544072.0,1.34,0.04,3824.008,3830.686,3834.077,93127616.0,103066021.6,115199962.0
2017-09-27,3818.96,3832.57,3821.2,3818.81,85655816.0,0.42,0.01,3827.064,3831.428,3834.054,96638440.0,105247472.8,117170005.2
2017-09-26,3810.33,3821.69,3820.78,3808.38,81869408.0,2.99,0.08,3831.312,3833.569,3834.709,99733185.6,106222969.6,119954857.6
2017-09-25,3829.22,3835.39,3817.79,3811.12,103948976.0,-19.94,-0.52,3833.58,3835.284,3835.397,105845902.4,112455052.8,122272740.8
2017-09-22,3826.46,3842.25,3837.73,3816.82,100619808.0,-0.09,-0.0,3838.65,3836.07,3836.643,108642988.8,114448555.2,126354108.0
2017-09-21,3843.26,3860.8,3837.82,3837.38,111098192.0,-4.62,-0.12,3837.364,3834.896,3834.544,113004427.2,114990224.8,127820162.4
2017-09-20,3830.15,3850.94,3842.44,3827.89,101129544.0,10.32,0.27,3835.792,3834.101,3829.386,113856505.6,116268824.0,126762621.2
2017-09-19,3849.88,3857.3,3832.12,3820.29,112432992.0,-11.02,-0.29,3835.826,3834.802,3825.068,112712753.6,119295742.4,126954222.8
2017-09-18,3832.96,3862.36,3843.14,3832.96,117934408.0,11.84,0.31,3836.988,3837.295,3821.077,119064203.2,120548859.2,126347216.0
2017-09-15,3826.14,3843.3,3831.3,3818.52,122427000.0,1.34,0.04,3833.49,3837.543,3815.97,120254121.6,123712050.4,125466149.6
2017-09-14,3843.57,3854.49,3829.96,3820.09,115358584.0,-12.65,-0.33,3832.428,3837.467,3810.638,116976022.4,127333902.4,124172884.8
2017-09-13,3835.55,3847.78,3842.61,3822.94,95410784.0,4.68,0.12,3832.41,3836.68,3805.204,118681142.4,129092537.6,123837768.0
2017-09-12,3832.24,3849.39,3837.93,3822.0,144190240.0,12.28,0.32,3833.778,3835.849,3798.145,125878731.2,133686745.6,124273936.0
2017-09-11,3828.34,3850.74,3825.65,3817.51,123884000.0,-0.34,-0.01,3837.602,3835.51,3791.551,122033515.2,132090428.8,122386667.2
2017-09-08,3830.07,3843.02,3825.99,3813.98,106036504.0,-3.88,-0.1,3841.596,3837.216,3785.003,127169979.2,138259660.8,121957889.6
2017-09-07,3851.69,3858.16,3829.87,3828.84,123884184.0,-19.58,-0.51,3842.506,3834.192,3776.071,137691782.4,140650100.0,124175435.6
2017-09-06,3846.75,3858.25,3849.45,3831.38,131398728.0,-7.6,-0.2,3840.95,3824.67,3770.373,139503932.8,137256418.4,124485482.8
2017-09-05,3845.55,3865.29,3857.05,3841.95,124964160.0,11.43,0.3,3837.92,3815.334,3764.453,141494760.0,134612703.2,124149545.6
2017-09-04,3828.54,3847.09,3845.62,3813.55,149566320.0,15.08,0.39,3833.418,3804.859,3758.211,142147342.4,132145572.8,124763433.6
2017-09-01,3825.34,3843.62,3830.54,3818.16,158645520.0,8.45,0.22,3832.836,3794.396,3752.269,149349342.4,127220248.8,123496694.0
2017-08-31,3835.84,3840.2,3822.09,3800.89,132944936.0,-12.21,-0.32,3825.878,3783.809,3746.121,143608417.6,121011867.2,123437921.2
2017-08-30,3834.27,3854.71,3834.3,3827.86,141352864.0,-0.24,-0.01,3808.39,3773.728,3741.408,135008904.0,118582998.4,124098371.2
2017-08-29,3839.18,3847.93,3834.54,3825.76,128227072.0,-8.17,-0.21,3792.748,3760.44,3737.736,127730646.4,114861126.4,125645397.6
2017-08-28,3805.66,3866.94,3842.71,3805.66,185576320.0,46.96,1.24,3776.3,3747.592,3734.528,122143803.2,112682905.6,126861371.2
2017-08-25,3736.29,3795.97,3795.75,3736.29,129940896.0,61.1,1.64,3755.956,3732.789,3729.286,105091155.2,105656118.4,125004007.2
2017-08-24,3755.89,3765.71,3734.65,3729.09,89947368.0,-21.44,-0.57,3741.74,3717.949,3725.593,98415316.8,107700771.2,124077532.0
2017-08-23,3747.61,3772.46,3756.09,3741.72,104961576.0,3.79,0.1,3739.066,3716.076,3724.47,102157092.8,111714547.2,126830309.2
2017-08-22,3745.75,3758.29,3752.3,3734.56,100292856.0,11.31,0.3,3728.132,3713.571,3721.935,101991606.4,113686388.0,128398491.2
2017-08-21,3731.84,3744.26,3740.99,3728.62,100313080.0,16.32,0.44,3718.884,3711.562,3720.298,103222008.0,117381294.4,129467451.2
2017-08-18,3707.19,3733.49,3724.67,3700.41,96561704.0,3.39,0.09,3709.622,3710.142,3720.422,106221081.6,119773139.2,131195233.2
2017-08-17,3707.07,3722.62,3721.28,3704.41,108656248.0,19.86,0.54,3694.158,3708.433,3720.618,116986225.6,125863975.2,132264209.2
2017-08-16,3701.13,3707.14,3701.42,3679.73,104134144.0,-4.64,-0.12,3693.086,3709.088,3721.948,121272001.6,129613744.0,133951898.4
2017-08-15,3695.78,3719.29,3706.06,3692.28,106444864.0,11.38,0.31,3699.01,3715.031,3723.365,125381169.6,136429668.8,137869080.0
2017-08-14,3651.38,3698.37,3694.68,3651.38,115308448.0,47.33,1.3,3704.24,3721.463,3721.421,131540580.8,141039836.8,138777939.6
2017-08-11,3687.93,3700.49,3647.35,3645.09,150387424.0,-68.57,-1.84,3710.662,3725.782,3722.828,133325196.8,144351896.0,140013176.0
2017-08-10,3724.96,3746.86,3715.92,3688.18,130085128.0,-15.12,-0.41,3722.708,3733.236,3727.021,134741724.8,140454292.8,139436828.89
2017-08-09,3728.03,3739.0,3731.04,3713.57,124679984.0,-1.17,-0.03,3725.09,3732.863,3727.674,137955486.4,141946071.2,139986928.94
2017-08-08,3724.33,3737.33,3732.21,3718.81,137241920.0,5.42,0.14,3731.052,3730.298,3727.464,147478168.0,143110594.4,140943613.0
2017-08-07,3701.22,3730.78,3726.79,3689.96,124231528.0,19.21,0.52,3738.686,3729.033,3727.147,150539092.8,141553608.0,141190392.53
2017-08-04,3724.72,3738.73,3707.58,3707.0,157470064.0,-20.25,-0.54,3740.902,3730.701,3727.173,155378595.2,142617327.2,142401740.0
2017-08-03,3755.11,3766.35,3727.83,3718.44,146153936.0,-33.02,-0.88,3743.764,3732.803,3728.68,146166860.8,138664443.2,141242638.15
2017-08-02,3768.19,3784.35,3760.85,3759.28,172293392.0,-9.53,-0.25,3740.636,3734.808,3728.751,145936656.0,138290052.8,140833363.33
2017-08-01,3738.74,3770.4,3770.38,3737.1,152546544.0,32.51,0.87,3729.544,3731.698,3725.833,138743020.8,139308491.2,137973360.73
2017-07-31,3722.43,3746.52,3737.87,3713.66,148429040.0,15.98,0.43,3719.38,3721.378,3721.378,132568123.2,136516042.4,136516042.4
2017-07-28,3703.49,3725.54,3721.89,3696.78,111411392.0,9.7,0.26,3720.5,3719.546,3719.546,129856059.2,135192376.0,135192376.0
2017-07-27,3700.86,3716.69,3712.19,3672.5,145002912.0,6.8,0.18,3721.842,3719.253,3719.253,131162025.6,138164999.0,138164999.0
2017-07-26,3722.88,3738.53,3705.39,3684.18,136325216.0,-14.17,-0.38,3728.98,3720.261,3720.261,130643449.6,137188154.29,137188154.29
2017-07-25,3742.64,3752.16,3719.56,3713.28,121672056.0,-23.91,-0.64,3733.852,3722.74,3722.74,139873961.6,137331977.33,137331977.33
2017-07-24,3724.38,3755.19,3743.47,3719.85,134868720.0,14.87,0.4,3723.376,3723.376,3723.376,140463961.6,140463961.6,140463961.6
2017-07-21,3738.18,3751.69,3728.6,3722.07,117941224.0,-19.28,-0.51,3718.353,3718.353,3718.353,141862772.0,141862772.0,141862772.0
2017-07-20,3725.14,3750.19,3747.88,3723.07,142410032.0,18.13,0.49,3714.937,3714.937,3714.937,149836621.33,149836621.33,149836621.33
2017-07-19,3660.87,3731.05,3729.75,3658.2,182477776.0,62.57,1.71,3698.465,3698.465,3698.465,153549916.0,153549916.0,153549916.0
2017-07-18,3648.49,3667.54,3667.18,3622.04,124622056.0,3.62,0.1,3667.18,3667.18,3667.18,124622056.0,124622056.0,124622056.0
